{
    "comments": [{
        "created_at": "Fri Mar 02 16:54:54 +0800 2012",
        "id": 3419175786087096,
        "text": "@mechiland",
        "source": "<a href=\"http://weibo.com\" rel=\"nofollow\">新浪微博</a>",
        "user": {
            "id": 2062846900,
            "idstr": "2062846900",
            "screen_name": "我爱皮皮鱼",
            "name": "我爱皮皮鱼",
            "province": "61",
            "city": "1",
            "location": "陕西 西安",
            "description": "",
            "url": "http://blog.sina.com.cn/u/2062846900",
            "profile_image_url": "http://tp1.sinaimg.cn/2062846900/50/5617537278/0",
            "profile_url": "u/2062846900",
            "domain": "",
            "weihao": "",
            "gender": "f",
            "followers_count": 116,
            "friends_count": 136,
            "statuses_count": 734,
            "favourites_count": 0,
            "created_at": "Sun Apr 03 00:00:00 +0800 2011",
            "following": true,
            "allow_all_act_msg": false,
            "geo_enabled": true,
            "verified": false,
            "verified_type": -1,
            "remark": "",
            "allow_all_comment": true,
            "avatar_large": "http://tp1.sinaimg.cn/2062846900/180/5617537278/0",
            "verified_reason": "",
            "follow_me": true,
            "online_status": 1,
            "bi_followers_count": 85,
            "lang": "zh-cn"
        },
        "mid": "21212030239027734",
        "idstr": "3419175786087096",
        "status": {
            "created_at": "Thu Mar 01 16:52:05 +0800 2012",
            "id": 3418812693368016,
            "mid": "3418812693368016",
            "idstr": "3418812693368016",
            "text": "【iPad成儿童视力第一杀手】4岁宝宝近视200度，小盆友视力从1.0降到0.5，眼科诊室外孩子排排坐……他们是iPad控，切水果、读童话、看动画离不开iPad，遭遇了视力“毒苹果”。人生只有一次获得健康双眼的机会，就是出生。请父母别再懒惰育儿，认清iPad的诱“祸”；请苹果明示风险，别再隐“痛“传播！",
            "source": "<a href=\"http://weibo.com\" rel=\"nofollow\">新浪微博</a>",
            "favorited": false,
            "truncated": false,
            "in_reply_to_status_id": "",
            "in_reply_to_user_id": "",
            "in_reply_to_screen_name": "",
            "thumbnail_pic": "http://ww4.sinaimg.cn/thumbnail/7e6d0a55jw1dqkebj1zs7j.jpg",
            "bmiddle_pic": "http://ww4.sinaimg.cn/bmiddle/7e6d0a55jw1dqkebj1zs7j.jpg",
            "original_pic": "http://ww4.sinaimg.cn/large/7e6d0a55jw1dqkebj1zs7j.jpg",
            "geo": null,
            "user": {
                "id": 2121075285,
                "idstr": "2121075285",
                "screen_name": "微博有鬼2011",
                "name": "微博有鬼2011",
                "province": "11",
                "city": "5",
                "location": "北京 朝阳区",
                "description": "灵思网络影视中心，《微博有鬼》三部曲系列微电影。微博上我们自造迷宫，虚假蔓延其中，鬼不在微博，鬼在人心，你的微博有鬼吗？",
                "url": "http://blog.sina.com.cn/u/2121075285",
                "profile_image_url": "http://tp2.sinaimg.cn/2121075285/50/5609744316/1",
                "profile_url": "hauntedmicroblog",
                "domain": "hauntedmicroblog",
                "weihao": "",
                "gender": "m",
                "followers_count": 505562,
                "friends_count": 597,
                "statuses_count": 1775,
                "favourites_count": 3,
                "created_at": "Fri May 06 00:00:00 +0800 2011",
                "following": false,
                "allow_all_act_msg": false,
                "geo_enabled": true,
                "verified": true,
                "verified_type": 7,
                "remark": "",
                "allow_all_comment": true,
                "avatar_large": "http://tp2.sinaimg.cn/2121075285/180/5609744316/1",
                "verified_reason": "灵思网络影视中心，《微博有鬼》三步曲系列微电影。",
                "follow_me": false,
                "online_status": 1,
                "bi_followers_count": 238,
                "lang": "zh-cn"
            },
            "reposts_count": 0,
            "comments_count": 0,
            "mlevel": 0,
            "visible": {
                "type": 0,
                "list_id": 0
            }
        }
    },
    {
        "created_at": "Sat Feb 25 01:28:35 +0800 2012",
        "id": 3416768339149858,
        "text": "@mechiland 我们[威武]非常期待你[蜡烛]加入[钱]同城[闭嘴]一[给力]夜交友[抓狂]俱乐部：http://t.cn/zO4ipex [右哼哼][囧]",
        "source": "<a href=\"http://weibo.com\" rel=\"nofollow\">新浪微博</a>",
        "user": {
            "id": 1559771843,
            "idstr": "1559771843",
            "screen_name": "Lucky_帆",
            "name": "Lucky_帆",
            "province": "11",
            "city": "5",
            "location": "北京 朝阳区",
            "description": "向日葵告诉我，只要面对着阳光努力向上，日子就会变得单纯而美好~ヾ(@⌒ー⌒@)ノ",
            "url": "",
            "profile_image_url": "http://tp4.sinaimg.cn/1559771843/50/5625168385/0",
            "profile_url": "u/1559771843",
            "domain": "",
            "weihao": "",
            "gender": "f",
            "followers_count": 253,
            "friends_count": 206,
            "statuses_count": 1167,
            "favourites_count": 391,
            "created_at": "Sun Mar 27 00:00:00 +0800 2011",
            "following": false,
            "allow_all_act_msg": false,
            "geo_enabled": true,
            "verified": false,
            "verified_type": -1,
            "remark": "",
            "allow_all_comment": true,
            "avatar_large": "http://tp4.sinaimg.cn/1559771843/180/5625168385/0",
            "verified_reason": "",
            "follow_me": false,
            "online_status": 1,
            "bi_followers_count": 104,
            "lang": "zh-cn"
        },
        "mid": "2121202253295417",
        "idstr": "3416768339149858",
        "status": {
            "created_at": "Sat Feb 25 01:25:50 +0800 2012",
            "id": 3416767646919041,
            "mid": "3416767646919041",
            "idstr": "3416767646919041",
            "text": "他们说即便是创业也需要用SWOT, 5C来分析分析。他们说想法要经过验证才能实行。他们说商业实体的最终目标是脱离个人而运转，因此目标和策略更重要。我说这些都是bullshit.",
            "source": "<a href=\"http://weibo.com\" rel=\"nofollow\">新浪微博</a>",
            "favorited": false,
            "truncated": false,
            "in_reply_to_status_id": "",
            "in_reply_to_user_id": "",
            "in_reply_to_screen_name": "",
            "geo": null,
            "user": {
                "id": 1409585182,
                "idstr": "1409585182",
                "screen_name": "mechiland",
                "name": "mechiland",
                "province": "61",
                "city": "1",
                "location": "陕西 西安",
                "description": "ThoughtWorks, 界面组，拓荒者",
                "url": "http://michael.nona.name/",
                "profile_image_url": "http://tp3.sinaimg.cn/1409585182/50/5624024430/1",
                "profile_url": "mechilandx",
                "domain": "mechilandx",
                "weihao": "",
                "gender": "m",
                "followers_count": 285,
                "friends_count": 135,
                "statuses_count": 192,
                "favourites_count": 1,
                "created_at": "Tue May 11 00:00:00 +0800 2010",
                "following": false,
                "allow_all_act_msg": false,
                "geo_enabled": true,
                "verified": false,
                "verified_type": -1,
                "remark": "",
                "allow_all_comment": true,
                "avatar_large": "http://tp3.sinaimg.cn/1409585182/180/5624024430/1",
                "verified_reason": "",
                "follow_me": false,
                "online_status": 1,
                "bi_followers_count": 78,
                "lang": "zh-cn"
            },
            "reposts_count": 0,
            "comments_count": 0,
            "mlevel": 0,
            "visible": {
                "type": 0,
                "list_id": 0
            }
        }
    },
    {
        "created_at": "Fri Feb 24 19:31:50 +0800 2012",
        "id": 3416678560107565,
        "text": "@mechiland 他们是不是都挺贵的",
        "source": "<a href=\"http://weibo.com\" rel=\"nofollow\">新浪微博</a>",
        "user": {
            "id": 1672242491,
            "idstr": "1672242491",
            "screen_name": "QQian-TW",
            "name": "QQian-TW",
            "province": "11",
            "city": "1",
            "location": "北京 东城区",
            "description": "Recruiter一枚，说一说工作生活中的小杂碎",
            "url": "",
            "profile_image_url": "http://tp4.sinaimg.cn/1672242491/50/5620869081/0",
            "profile_url": "u/1672242491",
            "domain": "",
            "weihao": "",
            "gender": "f",
            "followers_count": 298,
            "friends_count": 212,
            "statuses_count": 849,
            "favourites_count": 0,
            "created_at": "Mon Dec 21 00:00:00 +0800 2009",
            "following": true,
            "allow_all_act_msg": true,
            "geo_enabled": false,
            "verified": false,
            "verified_type": -1,
            "remark": "",
            "allow_all_comment": true,
            "avatar_large": "http://tp4.sinaimg.cn/1672242491/180/5620869081/0",
            "verified_reason": "",
            "follow_me": true,
            "online_status": 1,
            "bi_followers_count": 96,
            "lang": "zh-cn"
        },
        "mid": "21212022451628335",
        "idstr": "3416678560107565",
        "status": {
            "created_at": "Fri Feb 24 19:21:01 +0800 2012",
            "id": 3416675838311161,
            "mid": "3416675838311161",
            "idstr": "3416675838311161",
            "text": "今天和一个朋友聊天，他说某家国内知名的做OA的公司销售收入超过十亿，我不相信，我认为做这种通用软件收入不会超过2亿。除了用友大约30亿，金蝶约15亿，我感觉国内OA、ERP、CRM一类企业通用软件公司销售收入没有超过2亿的，请各位纠正我。",
            "source": "<a href=\"http://weibo.com\" rel=\"nofollow\">新浪微博</a>",
            "favorited": false,
            "truncated": false,
            "in_reply_to_status_id": "",
            "in_reply_to_user_id": "",
            "in_reply_to_screen_name": "",
            "geo": null,
            "user": {
                "id": 1494723892,
                "idstr": "1494723892",
                "screen_name": "陈果IBM",
                "name": "陈果IBM",
                "province": "31",
                "city": "4",
                "location": "上海 徐汇区",
                "description": "专注于制造、零售企业业务转型和信息技术应用。发上等愿，结中等缘，享下等福。君子和而不同。微博言论不代表本人就职机构的观点和立场。",
                "url": "",
                "profile_image_url": "http://tp1.sinaimg.cn/1494723892/50/5602483955/1",
                "profile_url": "georgeibm",
                "domain": "georgeibm",
                "weihao": "",
                "gender": "m",
                "followers_count": 37182,
                "friends_count": 739,
                "statuses_count": 7567,
                "favourites_count": 17,
                "created_at": "Wed Oct 14 00:00:00 +0800 2009",
                "following": false,
                "allow_all_act_msg": true,
                "geo_enabled": true,
                "verified": true,
                "verified_type": 0,
                "remark": "",
                "allow_all_comment": true,
                "avatar_large": "http://tp1.sinaimg.cn/1494723892/180/5602483955/1",
                "verified_reason": "IBM全球商业服务部大中华区工商事业部解决方案总监",
                "follow_me": false,
                "online_status": 1,
                "bi_followers_count": 725,
                "lang": "zh-cn"
            },
            "reposts_count": 0,
            "comments_count": 0,
            "mlevel": 0,
            "visible": {
                "type": 0,
                "list_id": 0
            }
        }
    },
    {
        "created_at": "Tue Feb 21 18:55:24 +0800 2012",
        "id": 3415582236307256,
        "text": "@mechiland [伸舌头]让-你的微言微语_极速传播的_秘密…_…[亲亲]http://t.cn/zOAKdg9 [擂鼓] 不知羞耻！",
        "source": "<a href=\"http://vgirl.weibo.com/\" rel=\"nofollow\">微女郎</a>",
        "user": {
            "id": 1627883640,
            "idstr": "1627883640",
            "screen_name": "wiza_jbc",
            "name": "wiza_jbc",
            "province": "44",
            "city": "1",
            "location": "广东 广州",
            "description": "",
            "url": "",
            "profile_image_url": "http://tp1.sinaimg.cn/1627883640/50/0/1",
            "profile_url": "u/1627883640",
            "domain": "",
            "weihao": "",
            "gender": "m",
            "followers_count": 1,
            "friends_count": 18,
            "statuses_count": 2,
            "favourites_count": 0,
            "created_at": "Sun May 30 00:00:00 +0800 2010",
            "following": false,
            "allow_all_act_msg": false,
            "geo_enabled": true,
            "verified": false,
            "verified_type": -1,
            "remark": "",
            "allow_all_comment": true,
            "avatar_large": "http://tp1.sinaimg.cn/1627883640/180/0/1",
            "verified_reason": "",
            "follow_me": false,
            "online_status": 0,
            "bi_followers_count": 0,
            "lang": "zh-cn"
        },
        "mid": "21212022140832812",
        "idstr": "3415582236307256",
        "status": {
            "created_at": "Tue Feb 21 18:53:07 +0800 2012",
            "id": 3415581657655309,
            "mid": "3415581657655309",
            "idstr": "3415581657655309",
            "text": "“如果你关注Google Chrome和Firefox，就可以看到它们每周发布的周期，发现大家都在疯狂的修订版本。我认为Firefox 10和Chrome 16或17是伟大的产品，因为当你和工程师沟通之后，他们能在几周之内完成初版，过几个月就推广给用户使用，这在几年前是不可能的事情。”http://t.cn/zOyOnjs",
            "source": "<a href=\"http://weibo.com\" rel=\"nofollow\">新浪微博</a>",
            "favorited": false,
            "truncated": false,
            "in_reply_to_status_id": "",
            "in_reply_to_user_id": "",
            "in_reply_to_screen_name": "",
            "geo": null,
            "user": {
                "id": 1409585182,
                "idstr": "1409585182",
                "screen_name": "mechiland",
                "name": "mechiland",
                "province": "61",
                "city": "1",
                "location": "陕西 西安",
                "description": "ThoughtWorks, 界面组，拓荒者",
                "url": "http://michael.nona.name/",
                "profile_image_url": "http://tp3.sinaimg.cn/1409585182/50/5624024430/1",
                "profile_url": "mechilandx",
                "domain": "mechilandx",
                "weihao": "",
                "gender": "m",
                "followers_count": 285,
                "friends_count": 135,
                "statuses_count": 192,
                "favourites_count": 1,
                "created_at": "Tue May 11 00:00:00 +0800 2010",
                "following": false,
                "allow_all_act_msg": false,
                "geo_enabled": true,
                "verified": false,
                "verified_type": -1,
                "remark": "",
                "allow_all_comment": true,
                "avatar_large": "http://tp3.sinaimg.cn/1409585182/180/5624024430/1",
                "verified_reason": "",
                "follow_me": false,
                "online_status": 1,
                "bi_followers_count": 78,
                "lang": "zh-cn"
            },
            "reposts_count": 0,
            "comments_count": 0,
            "mlevel": 0,
            "visible": {
                "type": 0,
                "list_id": 0
            }
        }
    },
    {
        "created_at": "Tue Feb 21 02:52:33 +0800 2012",
        "id": 3415339918738718,
        "text": "@蝌蚪先森要hold住@LIU_xiaomin@莹灬莹丨@幸福的奇爸@丶2012寳貝swim要发奋图强@呵呵呵寿@诺诺诺诺诺诺爷@专注美发Johnny@黄子颖Winkie@梧桐雨016304@阿仲sun@mechiland@封面麻豆@很嫌弃自己de二加一@独星行@嘻嘻西西吸吸",
        "source": "<a href=\"http://weibo.com\" rel=\"nofollow\">新浪微博</a>",
        "user": {
            "id": 1663177275,
            "idstr": "1663177275",
            "screen_name": "嘟嘟妈看时尚",
            "name": "嘟嘟妈看时尚",
            "province": "31",
            "city": "1000",
            "location": "上海",
            "description": "❤嘟妈推荐，必属精品嘟嘟妈微博私信现在向大家开放了在平时淘宝有什么好的宝贝记得分享给嘟妈哦嘟嘟妈的博客也欢迎来坐坐",
            "url": "http://blog.sina.com.cn/u/2356761122",
            "profile_image_url": "http://tp4.sinaimg.cn/1663177275/50/5620753948/0",
            "profile_url": "hufenclub",
            "domain": "hufenclub",
            "weihao": "",
            "gender": "f",
            "followers_count": 9342,
            "friends_count": 569,
            "statuses_count": 2295,
            "favourites_count": 5,
            "created_at": "Fri Jul 15 00:00:00 +0800 2011",
            "following": false,
            "allow_all_act_msg": true,
            "geo_enabled": true,
            "verified": false,
            "verified_type": -1,
            "remark": "",
            "allow_all_comment": true,
            "avatar_large": "http://tp4.sinaimg.cn/1663177275/180/5620753948/0",
            "verified_reason": "",
            "follow_me": false,
            "online_status": 1,
            "bi_followers_count": 336,
            "lang": "zh-cn"
        },
        "mid": "2121202214398262",
        "idstr": "3415339918738718",
        "status": {
            "created_at": "Tue Feb 21 02:00:36 +0800 2012",
            "id": 3415326844930891,
            "mid": "3415326844930891",
            "idstr": "3415326844930891",
            "text": "点击爱心[心]嘟妈有惊喜给你",
            "source": "<a href=\"http://weibo.com\" rel=\"nofollow\">新浪微博</a>",
            "favorited": false,
            "truncated": false,
            "in_reply_to_status_id": "",
            "in_reply_to_user_id": "",
            "in_reply_to_screen_name": "",
            "geo": null,
            "user": {
                "id": 1663177275,
                "idstr": "1663177275",
                "screen_name": "嘟嘟妈看时尚",
                "name": "嘟嘟妈看时尚",
                "province": "31",
                "city": "1000",
                "location": "上海",
                "description": "❤嘟妈推荐，必属精品嘟嘟妈微博私信现在向大家开放了在平时淘宝有什么好的宝贝记得分享给嘟妈哦嘟嘟妈的博客也欢迎来坐坐",
                "url": "http://blog.sina.com.cn/u/2356761122",
                "profile_image_url": "http://tp4.sinaimg.cn/1663177275/50/5620753948/0",
                "profile_url": "hufenclub",
                "domain": "hufenclub",
                "weihao": "",
                "gender": "f",
                "followers_count": 9342,
                "friends_count": 569,
                "statuses_count": 2295,
                "favourites_count": 5,
                "created_at": "Fri Jul 15 00:00:00 +0800 2011",
                "following": false,
                "allow_all_act_msg": true,
                "geo_enabled": true,
                "verified": false,
                "verified_type": -1,
                "remark": "",
                "allow_all_comment": true,
                "avatar_large": "http://tp4.sinaimg.cn/1663177275/180/5620753948/0",
                "verified_reason": "",
                "follow_me": false,
                "online_status": 1,
                "bi_followers_count": 336,
                "lang": "zh-cn"
            },
            "retweeted_status": {
                "created_at": "Fri Feb 17 01:15:37 +0800 2012",
                "id": 3413865973351984,
                "mid": "3413865973351984",
                "idstr": "3413865973351984",
                "text": "一点爱心[心]五年经验吐血整理！嘟嘟妈网购的口号只买对的不买贵的！花最少钱买最超值东西 更有性价比最高店铺集合分享给大家[熊猫]地址>>>http://t.cn/SLxqsZ",
                "source": "<a href=\"http://weibo.com\" rel=\"nofollow\">新浪微博</a>",
                "favorited": false,
                "truncated": false,
                "in_reply_to_status_id": "",
                "in_reply_to_user_id": "",
                "in_reply_to_screen_name": "",
                "thumbnail_pic": "http://ww1.sinaimg.cn/thumbnail/6322123bjw1dq4m79ddlsj.jpg",
                "bmiddle_pic": "http://ww1.sinaimg.cn/bmiddle/6322123bjw1dq4m79ddlsj.jpg",
                "original_pic": "http://ww1.sinaimg.cn/large/6322123bjw1dq4m79ddlsj.jpg",
                "geo": null,
                "user": {
                    "id": 1663177275,
                    "idstr": "1663177275",
                    "screen_name": "嘟嘟妈看时尚",
                    "name": "嘟嘟妈看时尚",
                    "province": "31",
                    "city": "1000",
                    "location": "上海",
                    "description": "❤嘟妈推荐 必属精品",
                    "url": "http://blog.sina.com.cn/u/2356761122",
                    "profile_image_url": "http://tp4.sinaimg.cn/1663177275/50/5620753948/0",
                    "profile_url": "hufenclub",
                    "domain": "hufenclub",
                    "weihao": "",
                    "gender": "f",
                    "followers_count": 6763,
                    "friends_count": 552,
                    "statuses_count": 1543,
                    "favourites_count": 5,
                    "created_at": "Fri Jul 15 00:00:00 +0800 2011",
                    "following": false,
                    "allow_all_act_msg": false,
                    "geo_enabled": true,
                    "verified": false,
                    "verified_type": -1,
                    "allow_all_comment": true,
                    "avatar_large": "http://tp4.sinaimg.cn/1663177275/180/5620753948/0",
                    "verified_reason": "",
                    "follow_me": false,
                    "online_status": 0,
                    "bi_followers_count": 325,
                    "lang": "zh-cn"
                },
                "reposts_count": 0,
                "comments_count": 0,
                "mlevel": 0,
                "visible": {
                    "type": 0,
                    "list_id": 0
                }
            },
            "reposts_count": 0,
            "comments_count": 0,
            "mlevel": 0,
            "visible": {
                "type": 0,
                "list_id": 0
            }
        }
    },
    {
        "created_at": "Wed Feb 15 20:39:30 +0800 2012",
        "id": 3413434102631083,
        "text": "@mechiland 也乘坐这次航班，去认识一下吧！",
        "source": "<a href=\"http://www.133.cn/hangban\" rel=\"nofollow\">航班管家</a>",
        "user": {
            "id": 2341264587,
            "idstr": "2341264587",
            "screen_name": "点亮航班",
            "name": "点亮航班",
            "province": "11",
            "city": "1000",
            "location": "北京",
            "description": "点亮航班来自@航班管家。分享你的航班到新浪微博，找到同机乘客！",
            "url": "",
            "profile_image_url": "http://tp4.sinaimg.cn/2341264587/50/5614761365/0",
            "profile_url": "u/2341264587",
            "domain": "",
            "weihao": "",
            "gender": "f",
            "followers_count": 703,
            "friends_count": 341,
            "statuses_count": 2108,
            "favourites_count": 16,
            "created_at": "Sat Sep 03 00:00:00 +0800 2011",
            "following": false,
            "allow_all_act_msg": true,
            "geo_enabled": true,
            "verified": false,
            "verified_type": -1,
            "remark": "",
            "allow_all_comment": true,
            "avatar_large": "http://tp4.sinaimg.cn/2341264587/180/5614761365/0",
            "verified_reason": "",
            "follow_me": false,
            "online_status": 1,
            "bi_followers_count": 127,
            "lang": "zh-cn"
        },
        "mid": "21212021547812987",
        "idstr": "3413434102631083",
        "status": {
            "created_at": "Wed Feb 15 20:36:30 +0800 2012",
            "id": 3413433334256346,
            "mid": "3413433334256346",
            "idstr": "3413433334256346",
            "text": "02月15日#CA1236#航班(西安至北京首都)，已延误[抓狂]。@点亮航班 ",
            "source": "<a href=\"http://www.133.cn/hangban\" rel=\"nofollow\">航班管家</a>",
            "favorited": false,
            "truncated": false,
            "in_reply_to_status_id": "",
            "in_reply_to_user_id": "",
            "in_reply_to_screen_name": "",
            "thumbnail_pic": "http://ww1.sinaimg.cn/thumbnail/70f7a844jw1dq38ijjzmvj.jpg",
            "bmiddle_pic": "http://ww1.sinaimg.cn/bmiddle/70f7a844jw1dq38ijjzmvj.jpg",
            "original_pic": "http://ww1.sinaimg.cn/large/70f7a844jw1dq38ijjzmvj.jpg",
            "geo": null,
            "user": {
                "id": 1895278660,
                "idstr": "1895278660",
                "screen_name": "蓝山品咖啡",
                "name": "蓝山品咖啡",
                "province": "11",
                "city": "5",
                "location": "北京 朝阳区",
                "description": "求真相 干实事",
                "url": "",
                "profile_image_url": "http://tp1.sinaimg.cn/1895278660/50/5609057444/1",
                "profile_url": "u/1895278660",
                "domain": "",
                "weihao": "",
                "gender": "m",
                "followers_count": 88,
                "friends_count": 200,
                "statuses_count": 231,
                "favourites_count": 4,
                "created_at": "Thu Dec 16 00:00:00 +0800 2010",
                "following": false,
                "allow_all_act_msg": false,
                "geo_enabled": true,
                "verified": false,
                "verified_type": -1,
                "remark": "",
                "allow_all_comment": true,
                "avatar_large": "http://tp1.sinaimg.cn/1895278660/180/5609057444/1",
                "verified_reason": "",
                "follow_me": false,
                "online_status": 0,
                "bi_followers_count": 73,
                "lang": "zh-cn"
            },
            "reposts_count": 0,
            "comments_count": 0,
            "mlevel": 0,
            "visible": {
                "type": 0,
                "list_id": 0
            }
        }
    },
    {
        "created_at": "Mon Jan 23 00:05:12 +0800 2012",
        "id": 3404788555512103,
        "text": "评论错了，给@mechiland ",
        "source": "<a href=\"http://m.weibo.com/web/cellphone.php#windowsphone\" rel=\"nofollow\">Windows.Phone客户端</a>",
        "user": {
            "id": 1929792623,
            "idstr": "1929792623",
            "screen_name": "晓朱娜",
            "name": "晓朱娜",
            "province": "11",
            "city": "1",
            "location": "北京 东城区",
            "description": "",
            "url": "",
            "profile_image_url": "http://tp4.sinaimg.cn/1929792623/50/1295617366/0",
            "profile_url": "u/1929792623",
            "domain": "",
            "weihao": "",
            "gender": "f",
            "followers_count": 242,
            "friends_count": 211,
            "statuses_count": 202,
            "favourites_count": 0,
            "created_at": "Fri Jan 21 00:00:00 +0800 2011",
            "following": true,
            "allow_all_act_msg": false,
            "geo_enabled": true,
            "verified": false,
            "verified_type": -1,
            "remark": "",
            "allow_all_comment": true,
            "avatar_large": "http://tp4.sinaimg.cn/1929792623/180/1295617366/0",
            "verified_reason": "",
            "follow_me": true,
            "online_status": 1,
            "bi_followers_count": 155,
            "lang": "zh-cn"
        },
        "mid": "212120123709563",
        "idstr": "3404788555512103",
        "status": {
            "created_at": "Sun Jan 22 23:47:31 +0800 2012",
            "id": 3404784118137984,
            "mid": "3404784118137984",
            "idstr": "3404784118137984",
            "text": "Follow your heart~",
            "source": "<a href=\"http://m.weibo.com/web/cellphone.php#iphone\" rel=\"nofollow\">iPhone客户端</a>",
            "favorited": false,
            "truncated": false,
            "in_reply_to_status_id": "",
            "in_reply_to_user_id": "",
            "in_reply_to_screen_name": "",
            "geo": null,
            "user": {
                "id": 2181970783,
                "idstr": "2181970783",
                "screen_name": "半夜不睡男",
                "name": "半夜不睡男",
                "province": "61",
                "city": "1",
                "location": "陕西 西安",
                "description": "",
                "url": "",
                "profile_image_url": "http://tp4.sinaimg.cn/2181970783/50/5607869578/1",
                "profile_url": "u/2181970783",
                "domain": "",
                "weihao": "",
                "gender": "m",
                "followers_count": 111,
                "friends_count": 90,
                "statuses_count": 483,
                "favourites_count": 3,
                "created_at": "Thu Jun 16 00:00:00 +0800 2011",
                "following": true,
                "allow_all_act_msg": false,
                "geo_enabled": true,
                "verified": false,
                "verified_type": -1,
                "remark": "",
                "allow_all_comment": true,
                "avatar_large": "http://tp4.sinaimg.cn/2181970783/180/5607869578/1",
                "verified_reason": "",
                "follow_me": true,
                "online_status": 1,
                "bi_followers_count": 47,
                "lang": "zh-cn"
            },
            "retweeted_status": {
                "created_at": "Sun Jan 22 23:43:36 +0800 2012",
                "id": 3404783131665617,
                "mid": "3404783131665617",
                "idstr": "3404783131665617",
                "text": "这么多年吧，一直没学会转发短信拜年，看到别人大段大段的拜年短信不回复点什么也怪不好意思的，回复吧我又更觉得不好意思。想来想去这里一并回了吧，大家龙年吉祥啊一路向前看甭提过去啥啥啥的",
                "source": "<a href=\"http://weibo.com\" rel=\"nofollow\">新浪微博</a>",
                "favorited": false,
                "truncated": false,
                "in_reply_to_status_id": "",
                "in_reply_to_user_id": "",
                "in_reply_to_screen_name": "",
                "geo": null,
                "user": {
                    "id": 1409585182,
                    "idstr": "1409585182",
                    "screen_name": "mechiland",
                    "name": "mechiland",
                    "province": "61",
                    "city": "1",
                    "location": "陕西 西安",
                    "description": "ThoughtWorks, 界面组，拓荒者",
                    "url": "http://michael.nona.name/",
                    "profile_image_url": "http://tp3.sinaimg.cn/1409585182/50/5624024430/1",
                    "profile_url": "mechilandx",
                    "domain": "mechilandx",
                    "weihao": "",
                    "gender": "m",
                    "followers_count": 285,
                    "friends_count": 135,
                    "statuses_count": 192,
                    "favourites_count": 1,
                    "created_at": "Tue May 11 00:00:00 +0800 2010",
                    "following": false,
                    "allow_all_act_msg": false,
                    "geo_enabled": true,
                    "verified": false,
                    "verified_type": -1,
                    "allow_all_comment": true,
                    "avatar_large": "http://tp3.sinaimg.cn/1409585182/180/5624024430/1",
                    "verified_reason": "",
                    "follow_me": false,
                    "online_status": 0,
                    "bi_followers_count": 68,
                    "lang": "zh-cn"
                },
                "reposts_count": 0,
                "comments_count": 0,
                "mlevel": 0,
                "visible": {
                    "type": 0,
                    "list_id": 0
                }
            },
            "reposts_count": 0,
            "comments_count": 0,
            "mlevel": 0,
            "visible": {
                "type": 0,
                "list_id": 0
            }
        }
    },
    {
        "created_at": "Fri May 27 09:48:34 +0800 2011",
        "id": 12199353628,
        "text": "回复@mechiland:我们team来了星际高手",
        "source": "<a href=\"http://weibo.com\" rel=\"nofollow\">新浪微博</a>",
        "user": {
            "id": 1658242963,
            "idstr": "1658242963",
            "screen_name": "skysunwei",
            "name": "skysunwei",
            "province": "11",
            "city": "1",
            "location": "北京 东城区",
            "description": "别喷 最近感觉我还是腼腆型！",
            "url": "http://skysw.blogbus.com",
            "profile_image_url": "http://tp4.sinaimg.cn/1658242963/50/1299472129/1",
            "profile_url": "skysw",
            "domain": "skysw",
            "weihao": "",
            "gender": "m",
            "followers_count": 678,
            "friends_count": 489,
            "statuses_count": 1669,
            "favourites_count": 157,
            "created_at": "Tue Nov 03 00:00:00 +0800 2009",
            "following": true,
            "allow_all_act_msg": false,
            "geo_enabled": true,
            "verified": false,
            "verified_type": 220,
            "remark": "",
            "allow_all_comment": true,
            "avatar_large": "http://tp4.sinaimg.cn/1658242963/180/1299472129/1",
            "verified_reason": "",
            "follow_me": true,
            "online_status": 1,
            "bi_followers_count": 390,
            "lang": "zh-cn"
        },
        "mid": "202110527761945979",
        "idstr": "12199353628",
        "status": {
            "created_at": "Fri May 27 07:59:40 +0800 2011",
            "id": 11269401312,
            "mid": "5611178836672689635",
            "idstr": "11269401312",
            "text": "Jaedong有一次止步四强，唉。充分证明12d外双的zvz非常不可取",
            "source": "<a href=\"http://weibo.com/mobile/iphone.php\" rel=\"nofollow\">iPhone客户端</a>",
            "favorited": false,
            "truncated": false,
            "in_reply_to_status_id": "",
            "in_reply_to_user_id": "",
            "in_reply_to_screen_name": "",
            "geo": null,
            "user": {
                "id": 1409585182,
                "idstr": "1409585182",
                "screen_name": "mechiland",
                "name": "mechiland",
                "province": "61",
                "city": "1",
                "location": "陕西 西安",
                "description": "ThoughtWorks, 界面组，拓荒者",
                "url": "http://michael.nona.name/",
                "profile_image_url": "http://tp3.sinaimg.cn/1409585182/50/5624024430/1",
                "profile_url": "mechilandx",
                "domain": "mechilandx",
                "weihao": "",
                "gender": "m",
                "followers_count": 285,
                "friends_count": 135,
                "statuses_count": 192,
                "favourites_count": 1,
                "created_at": "Tue May 11 00:00:00 +0800 2010",
                "following": false,
                "allow_all_act_msg": false,
                "geo_enabled": true,
                "verified": false,
                "verified_type": -1,
                "remark": "",
                "allow_all_comment": true,
                "avatar_large": "http://tp3.sinaimg.cn/1409585182/180/5624024430/1",
                "verified_reason": "",
                "follow_me": false,
                "online_status": 1,
                "bi_followers_count": 78,
                "lang": "zh-cn"
            },
            "annotations": [{
                "server_ip": "10.73.19.218"
            }],
            "reposts_count": 0,
            "comments_count": 0,
            "mlevel": 0,
            "visible": {
                "type": 0,
                "list_id": 0
            }
        },
        "reply_comment": {
            "created_at": "Fri May 27 09:17:25 +0800 2011",
            "id": 12197693925,
            "text": "回复@skysunwei:  MSL 10-11",
            "source": "<a href=\"http://rm.sina.com.cn/emarket/sinatair/\" rel=\"nofollow\">微博AIR</a>",
            "user": {
                "id": 1409585182,
                "idstr": "1409585182",
                "screen_name": "mechiland",
                "name": "mechiland",
                "province": "61",
                "city": "1",
                "location": "陕西 西安",
                "description": "ThoughtWorks, 界面组，拓荒者",
                "url": "http://michael.nona.name/",
                "profile_image_url": "http://tp3.sinaimg.cn/1409585182/50/5624024430/1",
                "profile_url": "mechilandx",
                "domain": "mechilandx",
                "weihao": "",
                "gender": "m",
                "followers_count": 285,
                "friends_count": 135,
                "statuses_count": 192,
                "favourites_count": 1,
                "created_at": "Tue May 11 00:00:00 +0800 2010",
                "following": false,
                "allow_all_act_msg": false,
                "geo_enabled": true,
                "verified": false,
                "verified_type": -1,
                "remark": "",
                "allow_all_comment": true,
                "avatar_large": "http://tp3.sinaimg.cn/1409585182/180/5624024430/1",
                "verified_reason": "",
                "follow_me": false,
                "online_status": 1,
                "bi_followers_count": 78,
                "lang": "zh-cn"
            },
            "mid": "212110527771355",
            "idstr": "12197693925"
        }
    },
    {
        "created_at": "Wed May 25 18:00:21 +0800 2011",
        "id": 12112765606,
        "text": "//@mechiland：转发微博。",
        "source": "<a href=\"http://weibo.com\" rel=\"nofollow\">新浪微博</a>",
        "user": {
            "id": 1751586463,
            "idstr": "1751586463",
            "screen_name": "荣浩RH",
            "name": "荣浩RH",
            "province": "11",
            "city": "1",
            "location": "北京 东城区",
            "description": "程序员，要思考，不要相信任何人",
            "url": "http://ronghao.javaeye.com",
            "profile_image_url": "http://tp4.sinaimg.cn/1751586463/50/1275789787/1",
            "profile_url": "ronghao100",
            "domain": "ronghao100",
            "weihao": "",
            "gender": "m",
            "followers_count": 579,
            "friends_count": 201,
            "statuses_count": 1315,
            "favourites_count": 0,
            "created_at": "Sun Jun 06 00:00:00 +0800 2010",
            "following": true,
            "allow_all_act_msg": false,
            "geo_enabled": true,
            "verified": false,
            "verified_type": -1,
            "remark": "",
            "allow_all_comment": true,
            "avatar_large": "http://tp4.sinaimg.cn/1751586463/180/1275789787/1",
            "verified_reason": "",
            "follow_me": true,
            "online_status": 1,
            "bi_followers_count": 107,
            "lang": "zh-cn"
        },
        "mid": "222110525715534013",
        "idstr": "12112765606",
        "status": {
            "created_at": "Wed May 25 17:18:43 +0800 2011",
            "id": 11193300122,
            "mid": "5610580732427452983",
            "idstr": "11193300122",
            "text": "转发微博。",
            "source": "<a href=\"http://weibo.com/mobile/iphone.php\" rel=\"nofollow\">iPhone客户端</a>",
            "favorited": false,
            "truncated": false,
            "in_reply_to_status_id": "",
            "in_reply_to_user_id": "",
            "in_reply_to_screen_name": "",
            "geo": null,
            "user": {
                "id": 1409585182,
                "idstr": "1409585182",
                "screen_name": "mechiland",
                "name": "mechiland",
                "province": "61",
                "city": "1",
                "location": "陕西 西安",
                "description": "ThoughtWorks, 界面组，拓荒者",
                "url": "http://michael.nona.name/",
                "profile_image_url": "http://tp3.sinaimg.cn/1409585182/50/5624024430/1",
                "profile_url": "mechilandx",
                "domain": "mechilandx",
                "weihao": "",
                "gender": "m",
                "followers_count": 285,
                "friends_count": 135,
                "statuses_count": 192,
                "favourites_count": 1,
                "created_at": "Tue May 11 00:00:00 +0800 2010",
                "following": false,
                "allow_all_act_msg": false,
                "geo_enabled": true,
                "verified": false,
                "verified_type": -1,
                "remark": "",
                "allow_all_comment": true,
                "avatar_large": "http://tp3.sinaimg.cn/1409585182/180/5624024430/1",
                "verified_reason": "",
                "follow_me": false,
                "online_status": 1,
                "bi_followers_count": 78,
                "lang": "zh-cn"
            },
            "retweeted_status": {
                "created_at": "Wed May 25 10:37:54 +0800 2011",
                "id": 11175332892,
                "mid": "5610477442575041714",
                "idstr": "11175332892",
                "text": "寻找社会公益项目-ThoughtWorks可以义务为社会公益组织提供软件服务帮助。如果您是一家公益组织或正在参与公益项目，在软件服务方面需要帮助（网络、软件应用或移动应用开发等），请与我们联系。联系方式：发送邮件至info-cn@thoughtworks.com或电话010-64076695-6101.请围脖上的朋友帮忙转发。",
                "source": "<a href=\"http://weibo.com\" rel=\"nofollow\">新浪微博</a>",
                "favorited": false,
                "truncated": false,
                "in_reply_to_status_id": "",
                "in_reply_to_user_id": "",
                "in_reply_to_screen_name": "",
                "geo": null,
                "user": {
                    "id": 1774908135,
                    "idstr": "1774908135",
                    "screen_name": "ThoughtWorks中国",
                    "name": "ThoughtWorks中国",
                    "province": "11",
                    "city": "1",
                    "location": "北京 东城区",
                    "description": "济苍生以软件，担道义为世范。 凡入我司者皆归三宝。三宝何为？一曰基业永续，二曰止于至善，三曰不为利回不以义疚。  <br />\n<br />\nThoughtWorks…",
                    "url": "http://blogs.thoughtworks.com/",
                    "profile_image_url": "http://tp4.sinaimg.cn/1774908135/50/5623657986/0",
                    "profile_url": "thoughtworkschina",
                    "domain": "thoughtworkschina",
                    "weihao": "",
                    "gender": "f",
                    "followers_count": 1456,
                    "friends_count": 163,
                    "statuses_count": 174,
                    "favourites_count": 3,
                    "created_at": "Wed Jul 14 00:00:00 +0800 2010",
                    "following": true,
                    "allow_all_act_msg": false,
                    "geo_enabled": true,
                    "verified": true,
                    "verified_type": 2,
                    "remark": "",
                    "allow_all_comment": true,
                    "avatar_large": "http://tp4.sinaimg.cn/1774908135/180/5623657986/0",
                    "verified_reason": "ThoughtWorks中国官方微博",
                    "follow_me": true,
                    "online_status": 1,
                    "bi_followers_count": 80,
                    "lang": "zh-cn"
                },
                "annotations": [{
                    "cartoon": false
                }],
                "reposts_count": 0,
                "comments_count": 0,
                "mlevel": 0,
                "visible": {
                    "type": 0,
                    "list_id": 0
                }
            },
            "annotations": [],
            "reposts_count": 0,
            "comments_count": 0,
            "mlevel": 0,
            "visible": {
                "type": 0,
                "list_id": 0
            }
        }
    },
    {
        "created_at": "Wed May 25 18:00:21 +0800 2011",
        "id": 12112765536,
        "text": "//@mechiland：转发微博。",
        "source": "<a href=\"http://weibo.com\" rel=\"nofollow\">新浪微博</a>",
        "user": {
            "id": 1751586463,
            "idstr": "1751586463",
            "screen_name": "荣浩RH",
            "name": "荣浩RH",
            "province": "11",
            "city": "1",
            "location": "北京 东城区",
            "description": "程序员，要思考，不要相信任何人",
            "url": "http://ronghao.javaeye.com",
            "profile_image_url": "http://tp4.sinaimg.cn/1751586463/50/1275789787/1",
            "profile_url": "ronghao100",
            "domain": "ronghao100",
            "weihao": "",
            "gender": "m",
            "followers_count": 579,
            "friends_count": 201,
            "statuses_count": 1315,
            "favourites_count": 0,
            "created_at": "Sun Jun 06 00:00:00 +0800 2010",
            "following": true,
            "allow_all_act_msg": false,
            "geo_enabled": true,
            "verified": false,
            "verified_type": -1,
            "remark": "",
            "allow_all_comment": true,
            "avatar_large": "http://tp4.sinaimg.cn/1751586463/180/1275789787/1",
            "verified_reason": "",
            "follow_me": true,
            "online_status": 1,
            "bi_followers_count": 107,
            "lang": "zh-cn"
        },
        "mid": "222110525714596055",
        "idstr": "12112765536",
        "status": {
            "created_at": "Wed May 25 10:37:54 +0800 2011",
            "id": 11175332892,
            "mid": "5610477442575041714",
            "idstr": "11175332892",
            "text": "寻找社会公益项目-ThoughtWorks可以义务为社会公益组织提供软件服务帮助。如果您是一家公益组织或正在参与公益项目，在软件服务方面需要帮助（网络、软件应用或移动应用开发等），请与我们联系。联系方式：发送邮件至info-cn@thoughtworks.com或电话010-64076695-6101.请围脖上的朋友帮忙转发。",
            "source": "<a href=\"http://weibo.com\" rel=\"nofollow\">新浪微博</a>",
            "favorited": false,
            "truncated": false,
            "in_reply_to_status_id": "",
            "in_reply_to_user_id": "",
            "in_reply_to_screen_name": "",
            "geo": null,
            "user": {
                "id": 1774908135,
                "idstr": "1774908135",
                "screen_name": "ThoughtWorks中国",
                "name": "ThoughtWorks中国",
                "province": "11",
                "city": "1",
                "location": "北京 东城区",
                "description": "济苍生以软件，担道义为世范。 凡入我司者皆归三宝。三宝何为？一曰基业永续，二曰止于至善，三曰不为利回不以义疚。  <br />\n<br />\nThoughtWorks…",
                "url": "http://blogs.thoughtworks.com/",
                "profile_image_url": "http://tp4.sinaimg.cn/1774908135/50/5623657986/0",
                "profile_url": "thoughtworkschina",
                "domain": "thoughtworkschina",
                "weihao": "",
                "gender": "f",
                "followers_count": 1456,
                "friends_count": 163,
                "statuses_count": 174,
                "favourites_count": 3,
                "created_at": "Wed Jul 14 00:00:00 +0800 2010",
                "following": true,
                "allow_all_act_msg": false,
                "geo_enabled": true,
                "verified": true,
                "verified_type": 2,
                "remark": "",
                "allow_all_comment": true,
                "avatar_large": "http://tp4.sinaimg.cn/1774908135/180/5623657986/0",
                "verified_reason": "ThoughtWorks中国官方微博",
                "follow_me": true,
                "online_status": 1,
                "bi_followers_count": 80,
                "lang": "zh-cn"
            },
            "annotations": [{
                "cartoon": false
            }],
            "reposts_count": 0,
            "comments_count": 0,
            "mlevel": 0,
            "visible": {
                "type": 0,
                "list_id": 0
            }
        }
    },
    {
        "created_at": "Sun Apr 10 11:08:29 +0800 2011",
        "id": 9731180237,
        "text": "米高居然咩有粉我。。。。。@mechiland",
        "source": "<a href=\"http://weibo.com\" rel=\"nofollow\">新浪微博</a>",
        "user": {
            "id": 1650798740,
            "idstr": "1650798740",
            "screen_name": "王晓明同学",
            "name": "王晓明同学",
            "province": "44",
            "city": "3",
            "location": "广东 深圳",
            "description": "Don't sell me things. Sell me ideals, feelings, self-respect, home life, and happiness",
            "url": "http://blog.aaladdin.com",
            "profile_image_url": "http://tp1.sinaimg.cn/1650798740/50/1262050306/1",
            "profile_url": "mmxw",
            "domain": "mmxw",
            "weihao": "",
            "gender": "m",
            "followers_count": 1418,
            "friends_count": 95,
            "statuses_count": 1845,
            "favourites_count": 107,
            "created_at": "Tue Dec 29 00:00:00 +0800 2009",
            "following": false,
            "allow_all_act_msg": true,
            "geo_enabled": true,
            "verified": true,
            "verified_type": 0,
            "remark": "",
            "allow_all_comment": true,
            "avatar_large": "http://tp1.sinaimg.cn/1650798740/180/1262050306/1",
            "verified_reason": "知名敏捷咨询专家，敏思特咨询首席合伙人王晓明",
            "follow_me": false,
            "online_status": 1,
            "bi_followers_count": 48,
            "lang": "zh-cn"
        },
        "mid": "222110410213163885",
        "idstr": "9731180237",
        "status": {
            "created_at": "Sat Apr 09 17:04:02 +0800 2011",
            "id": 8886053772,
            "mid": "201110409188886768",
            "idstr": "8886053772",
            "text": "终于能手机上微薄了。我这个土人，是it界的耻辱。",
            "source": "<a href=\"http://weibo.com/mobile/s60.php\" rel=\"nofollow\">S60客户端</a>",
            "favorited": false,
            "truncated": false,
            "in_reply_to_status_id": "",
            "in_reply_to_user_id": "",
            "in_reply_to_screen_name": "",
            "geo": null,
            "user": {
                "id": 1836861825,
                "idstr": "1836861825",
                "screen_name": "XiaoshenW",
                "name": "XiaoshenW",
                "province": "51",
                "city": "1",
                "location": "四川 成都",
                "description": "能做到精致就不要停留在good enough上；精神洁癖；持续改进",
                "url": "",
                "profile_image_url": "http://tp2.sinaimg.cn/1836861825/50/5625804158/0",
                "profile_url": "u/1836861825",
                "domain": "",
                "weihao": "",
                "gender": "f",
                "followers_count": 913,
                "friends_count": 396,
                "statuses_count": 3099,
                "favourites_count": 10,
                "created_at": "Sat Oct 23 00:00:00 +0800 2010",
                "following": true,
                "allow_all_act_msg": false,
                "geo_enabled": true,
                "verified": true,
                "verified_type": 0,
                "remark": "",
                "allow_all_comment": true,
                "avatar_large": "http://tp2.sinaimg.cn/1836861825/180/5625804158/0",
                "verified_reason": "ThoughtWorks业务分析师 王效珅",
                "follow_me": true,
                "online_status": 0,
                "bi_followers_count": 258,
                "lang": "zh-cn"
            },
            "annotations": [],
            "reposts_count": 0,
            "comments_count": 0,
            "mlevel": 0,
            "visible": {
                "type": 0,
                "list_id": 0
            }
        }
    },
    {
        "created_at": "Sun Apr 10 11:08:29 +0800 2011",
        "id": 9731180177,
        "text": "米高居然咩有粉我。。。。。@mechiland",
        "source": "<a href=\"http://weibo.com\" rel=\"nofollow\">新浪微博</a>",
        "user": {
            "id": 1650798740,
            "idstr": "1650798740",
            "screen_name": "王晓明同学",
            "name": "王晓明同学",
            "province": "44",
            "city": "3",
            "location": "广东 深圳",
            "description": "Don't sell me things. Sell me ideals, feelings, self-respect, home life, and happiness",
            "url": "http://blog.aaladdin.com",
            "profile_image_url": "http://tp1.sinaimg.cn/1650798740/50/1262050306/1",
            "profile_url": "mmxw",
            "domain": "mmxw",
            "weihao": "",
            "gender": "m",
            "followers_count": 1418,
            "friends_count": 95,
            "statuses_count": 1845,
            "favourites_count": 107,
            "created_at": "Tue Dec 29 00:00:00 +0800 2009",
            "following": false,
            "allow_all_act_msg": true,
            "geo_enabled": true,
            "verified": true,
            "verified_type": 0,
            "remark": "",
            "allow_all_comment": true,
            "avatar_large": "http://tp1.sinaimg.cn/1650798740/180/1262050306/1",
            "verified_reason": "知名敏捷咨询专家，敏思特咨询首席合伙人王晓明",
            "follow_me": false,
            "online_status": 1,
            "bi_followers_count": 48,
            "lang": "zh-cn"
        },
        "mid": "222110410213108056",
        "idstr": "9731180177",
        "status": {
            "created_at": "Sat Apr 09 17:35:30 +0800 2011",
            "id": 8887324266,
            "mid": "201110409189703277",
            "idstr": "8887324266",
            "text": "能上开心网//@mechiland:你都不感激我",
            "source": "<a href=\"http://weibo.com/mobile/s60.php\" rel=\"nofollow\">S60客户端</a>",
            "favorited": false,
            "truncated": false,
            "in_reply_to_status_id": "",
            "in_reply_to_user_id": "",
            "in_reply_to_screen_name": "",
            "geo": null,
            "user": {
                "id": 1836861825,
                "idstr": "1836861825",
                "screen_name": "XiaoshenW",
                "name": "XiaoshenW",
                "province": "51",
                "city": "1",
                "location": "四川 成都",
                "description": "能做到精致就不要停留在good enough上；精神洁癖；持续改进",
                "url": "",
                "profile_image_url": "http://tp2.sinaimg.cn/1836861825/50/5625804158/0",
                "profile_url": "u/1836861825",
                "domain": "",
                "weihao": "",
                "gender": "f",
                "followers_count": 913,
                "friends_count": 396,
                "statuses_count": 3099,
                "favourites_count": 10,
                "created_at": "Sat Oct 23 00:00:00 +0800 2010",
                "following": true,
                "allow_all_act_msg": false,
                "geo_enabled": true,
                "verified": true,
                "verified_type": 0,
                "remark": "",
                "allow_all_comment": true,
                "avatar_large": "http://tp2.sinaimg.cn/1836861825/180/5625804158/0",
                "verified_reason": "ThoughtWorks业务分析师 王效珅",
                "follow_me": true,
                "online_status": 0,
                "bi_followers_count": 258,
                "lang": "zh-cn"
            },
            "retweeted_status": {
                "created_at": "Sat Apr 09 17:04:02 +0800 2011",
                "id": 8886053772,
                "mid": "201110409188886768",
                "idstr": "8886053772",
                "text": "终于能手机上微薄了。我这个土人，是it界的耻辱。",
                "source": "<a href=\"http://weibo.com/mobile/s60.php\" rel=\"nofollow\">S60客户端</a>",
                "favorited": false,
                "truncated": false,
                "in_reply_to_status_id": "",
                "in_reply_to_user_id": "",
                "in_reply_to_screen_name": "",
                "geo": null,
                "user": {
                    "id": 1836861825,
                    "idstr": "1836861825",
                    "screen_name": "XiaoshenW",
                    "name": "XiaoshenW",
                    "province": "51",
                    "city": "1",
                    "location": "四川 成都",
                    "description": "能做到精致就不要停留在good enough上；精神洁癖；持续改进",
                    "url": "",
                    "profile_image_url": "http://tp2.sinaimg.cn/1836861825/50/5625804158/0",
                    "profile_url": "u/1836861825",
                    "domain": "",
                    "weihao": "",
                    "gender": "f",
                    "followers_count": 913,
                    "friends_count": 396,
                    "statuses_count": 3099,
                    "favourites_count": 10,
                    "created_at": "Sat Oct 23 00:00:00 +0800 2010",
                    "following": true,
                    "allow_all_act_msg": false,
                    "geo_enabled": true,
                    "verified": true,
                    "verified_type": 0,
                    "remark": "",
                    "allow_all_comment": true,
                    "avatar_large": "http://tp2.sinaimg.cn/1836861825/180/5625804158/0",
                    "verified_reason": "ThoughtWorks业务分析师 王效珅",
                    "follow_me": true,
                    "online_status": 0,
                    "bi_followers_count": 258,
                    "lang": "zh-cn"
                },
                "annotations": [],
                "reposts_count": 0,
                "comments_count": 0,
                "mlevel": 0,
                "visible": {
                    "type": 0,
                    "list_id": 0
                }
            },
            "annotations": [],
            "reposts_count": 0,
            "comments_count": 0,
            "mlevel": 0,
            "visible": {
                "type": 0,
                "list_id": 0
            }
        }
    }],
    "hasvisible": false,
    "previous_cursor": 0,
    "next_cursor": 0,
    "total_number": 14
}