{
    "users": [{
        "id": 1874221681,
        "idstr": "1874221681",
        "screen_name": "sun李小娜",
        "name": "sun李小娜",
        "province": "21",
        "city": "1000",
        "location": "辽宁",
        "description": "打打网球、跳跳水、唱唱歌，采采访。",
        "url": "",
        "profile_image_url": "http://tp2.sinaimg.cn/1874221681/50/5605481279/0",
        "profile_url": "u/1874221681",
        "domain": "",
        "weihao": "",
        "gender": "f",
        "followers_count": 223,
        "friends_count": 196,
        "statuses_count": 389,
        "favourites_count": 8,
        "created_at": "Thu Nov 25 00:00:00 +0800 2010",
        "following": false,
        "allow_all_act_msg": false,
        "geo_enabled": true,
        "verified": false,
        "verified_type": -1,
        "status_id": 3420512825137514,
        "allow_all_comment": true,
        "avatar_large": "http://tp2.sinaimg.cn/1874221681/180/5605481279/0",
        "verified_reason": "",
        "follow_me": false,
        "online_status": 0,
        "bi_followers_count": 0,
        "lang": "zh-cn"
    },
    {
        "id": 2156478593,
        "idstr": "2156478593",
        "screen_name": "小象腿-津津熊",
        "name": "小象腿-津津熊",
        "province": "21",
        "city": "1",
        "location": "辽宁 沈阳",
        "description": "各种需求各种控，你伤不起！",
        "url": "",
        "profile_image_url": "http://tp2.sinaimg.cn/2156478593/50/5601905528/0",
        "profile_url": "zhangjinjin123",
        "domain": "zhangjinjin123",
        "weihao": "",
        "gender": "f",
        "followers_count": 246,
        "friends_count": 154,
        "statuses_count": 1095,
        "favourites_count": 4,
        "created_at": "Tue May 31 00:00:00 +0800 2011",
        "following": false,
        "allow_all_act_msg": false,
        "geo_enabled": true,
        "verified": true,
        "verified_type": 0,
        "status_id": 3420515265655464,
        "allow_all_comment": true,
        "avatar_large": "http://tp2.sinaimg.cn/2156478593/180/5601905528/0",
        "verified_reason": "时代商报地方新闻部记者",
        "follow_me": false,
        "online_status": 0,
        "bi_followers_count": 85,
        "lang": "zh-cn"
    },
    {
        "id": 1958722780,
        "idstr": "1958722780",
        "screen_name": "Mr_time777",
        "name": "Mr_time777",
        "province": "32",
        "city": "5",
        "location": "江苏 苏州",
        "description": "",
        "url": "",
        "profile_image_url": "http://tp1.sinaimg.cn/1958722780/50/5617934231/1",
        "profile_url": "u/1958722780",
        "domain": "",
        "weihao": "",
        "gender": "m",
        "followers_count": 595,
        "friends_count": 190,
        "statuses_count": 6221,
        "favourites_count": 105,
        "created_at": "Wed Feb 23 00:00:00 +0800 2011",
        "following": false,
        "allow_all_act_msg": false,
        "geo_enabled": true,
        "verified": false,
        "verified_type": 220,
        "status_id": 3420507930584228,
        "allow_all_comment": true,
        "avatar_large": "http://tp1.sinaimg.cn/1958722780/180/5617934231/1",
        "verified_reason": "",
        "follow_me": false,
        "online_status": 0,
        "bi_followers_count": 61,
        "lang": "zh-cn"
    },
    {
        "id": 2692066572,
        "idstr": "2692066572",
        "screen_name": "平凡的forlee",
        "name": "平凡的forlee",
        "province": "31",
        "city": "6",
        "location": "上海 静安区",
        "description": "",
        "url": "",
        "profile_image_url": "http://tp1.sinaimg.cn/2692066572/50/0/1",
        "profile_url": "u/2692066572",
        "domain": "",
        "weihao": "",
        "gender": "m",
        "followers_count": 7,
        "friends_count": 870,
        "statuses_count": 10,
        "favourites_count": 0,
        "created_at": "Sun Jan 29 00:00:00 +0800 2012",
        "following": false,
        "allow_all_act_msg": false,
        "geo_enabled": true,
        "verified": false,
        "verified_type": -1,
        "status_id": 3418757341229253,
        "allow_all_comment": true,
        "avatar_large": "http://tp1.sinaimg.cn/2692066572/180/0/1",
        "verified_reason": "",
        "follow_me": false,
        "online_status": 0,
        "bi_followers_count": 0,
        "lang": "zh-cn"
    },
    {
        "id": 1664751684,
        "idstr": "1664751684",
        "screen_name": "哦这没什么大不了",
        "name": "哦这没什么大不了",
        "province": "33",
        "city": "2",
        "location": "浙江 宁波",
        "description": "请别把人家想得很复杂 其实你也并不简单",
        "url": "",
        "profile_image_url": "http://tp1.sinaimg.cn/1664751684/50/5624798663/1",
        "profile_url": "u/1664751684",
        "domain": "",
        "weihao": "",
        "gender": "m",
        "followers_count": 2044,
        "friends_count": 271,
        "statuses_count": 113,
        "favourites_count": 2,
        "created_at": "Mon May 16 00:00:00 +0800 2011",
        "following": false,
        "allow_all_act_msg": false,
        "geo_enabled": true,
        "verified": false,
        "verified_type": 200,
        "status_id": 3419251132245977,
        "allow_all_comment": true,
        "avatar_large": "http://tp1.sinaimg.cn/1664751684/180/5624798663/1",
        "verified_reason": "",
        "follow_me": false,
        "online_status": 0,
        "bi_followers_count": 64,
        "lang": "zh-tw"
    },
    {
        "id": 1507665014,
        "idstr": "1507665014",
        "screen_name": "卡饭卡",
        "name": "卡饭卡",
        "province": "11",
        "city": "1",
        "location": "北京 东城区",
        "description": "哦耶~",
        "url": "http://blog.sina.com.cn/inverse1",
        "profile_image_url": "http://tp3.sinaimg.cn/1507665014/50/5617631828/1",
        "profile_url": "u/1507665014",
        "domain": "",
        "weihao": "",
        "gender": "m",
        "followers_count": 256,
        "friends_count": 304,
        "statuses_count": 199,
        "favourites_count": 34,
        "created_at": "Mon Feb 08 00:00:00 +0800 2010",
        "following": false,
        "allow_all_act_msg": false,
        "geo_enabled": true,
        "verified": false,
        "verified_type": -1,
        "status_id": 3419973734821826,
        "allow_all_comment": true,
        "avatar_large": "http://tp3.sinaimg.cn/1507665014/180/5617631828/1",
        "verified_reason": "",
        "follow_me": false,
        "online_status": 0,
        "bi_followers_count": 96,
        "lang": "zh-cn"
    },
    {
        "id": 2120636651,
        "idstr": "2120636651",
        "screen_name": "大老虎wm",
        "name": "大老虎wm",
        "province": "32",
        "city": "1000",
        "location": "江苏",
        "description": "埃德蒙·柏克说过：“邪恶盛行的唯一条件，是善良者的沉默。”",
        "url": "",
        "profile_image_url": "http://tp4.sinaimg.cn/2120636651/50/5620737182/1",
        "profile_url": "u/2120636651",
        "domain": "",
        "weihao": "",
        "gender": "m",
        "followers_count": 110,
        "friends_count": 1380,
        "statuses_count": 42,
        "favourites_count": 42,
        "created_at": "Thu May 05 00:00:00 +0800 2011",
        "following": false,
        "allow_all_act_msg": false,
        "geo_enabled": true,
        "verified": false,
        "verified_type": -1,
        "status_id": 3420294897650565,
        "allow_all_comment": true,
        "avatar_large": "http://tp4.sinaimg.cn/2120636651/180/5620737182/1",
        "verified_reason": "",
        "follow_me": false,
        "online_status": 0,
        "bi_followers_count": 48,
        "lang": "zh-cn"
    },
    {
        "id": 1961705835,
        "idstr": "1961705835",
        "screen_name": "Philooooo滴地盘",
        "name": "Philooooo滴地盘",
        "province": "51",
        "city": "1",
        "location": "四川 成都",
        "description": "'怎样过一天 就怎样过一生'",
        "url": "",
        "profile_image_url": "http://tp4.sinaimg.cn/1961705835/50/5621240324/0",
        "profile_url": "u/1961705835",
        "domain": "",
        "weihao": "",
        "gender": "f",
        "followers_count": 249,
        "friends_count": 1779,
        "statuses_count": 209,
        "favourites_count": 316,
        "created_at": "Thu Feb 10 00:00:00 +0800 2011",
        "following": false,
        "allow_all_act_msg": false,
        "geo_enabled": true,
        "verified": false,
        "verified_type": -1,
        "status_id": 3420370558475906,
        "allow_all_comment": true,
        "avatar_large": "http://tp4.sinaimg.cn/1961705835/180/5621240324/0",
        "verified_reason": "",
        "follow_me": false,
        "online_status": 0,
        "bi_followers_count": 134,
        "lang": "zh-cn"
    },
    {
        "id": 2119084961,
        "idstr": "2119084961",
        "screen_name": "lee90後",
        "name": "lee90後",
        "province": "43",
        "city": "1",
        "location": "湖南 长沙",
        "description": "I'M feeling good.",
        "url": "",
        "profile_image_url": "http://tp2.sinaimg.cn/2119084961/50/5625908792/0",
        "profile_url": "329505353",
        "domain": "",
        "weihao": "329505353",
        "gender": "f",
        "followers_count": 45,
        "friends_count": 51,
        "statuses_count": 250,
        "favourites_count": 52,
        "created_at": "Tue May 03 00:00:00 +0800 2011",
        "following": false,
        "allow_all_act_msg": false,
        "geo_enabled": true,
        "verified": false,
        "verified_type": -1,
        "status_id": 3420291545748416,
        "allow_all_comment": true,
        "avatar_large": "http://tp2.sinaimg.cn/2119084961/180/5625908792/0",
        "verified_reason": "",
        "follow_me": false,
        "online_status": 0,
        "bi_followers_count": 17,
        "lang": "zh-cn"
    },
    {
        "id": 2074989735,
        "idstr": "2074989735",
        "screen_name": "周默默默",
        "name": "周默默默",
        "province": "13",
        "city": "1",
        "location": "河北 石家庄",
        "description": "",
        "url": "",
        "profile_image_url": "http://tp4.sinaimg.cn/2074989735/50/0/1",
        "profile_url": "u/2074989735",
        "domain": "",
        "weihao": "",
        "gender": "m",
        "followers_count": 48,
        "friends_count": 120,
        "statuses_count": 14,
        "favourites_count": 0,
        "created_at": "Thu Apr 07 00:00:00 +0800 2011",
        "following": false,
        "allow_all_act_msg": false,
        "geo_enabled": true,
        "verified": false,
        "verified_type": -1,
        "status_id": 3420503521801210,
        "allow_all_comment": true,
        "avatar_large": "http://tp4.sinaimg.cn/2074989735/180/0/1",
        "verified_reason": "",
        "follow_me": false,
        "online_status": 0,
        "bi_followers_count": 7,
        "lang": "zh-cn"
    },
    {
        "id": 2517949877,
        "idstr": "2517949877",
        "screen_name": "_莜莜笑了",
        "name": "_莜莜笑了",
        "province": "100",
        "city": "1000",
        "location": "其他",
        "description": "木有上进心，乐于享受，竟然已当娘的，幸福已婚小女子一枚",
        "url": "",
        "profile_image_url": "http://tp2.sinaimg.cn/2517949877/50/5625486649/0",
        "profile_url": "u/2517949877",
        "domain": "",
        "weihao": "",
        "gender": "f",
        "followers_count": 86,
        "friends_count": 42,
        "statuses_count": 10,
        "favourites_count": 0,
        "created_at": "Thu Dec 08 00:00:00 +0800 2011",
        "following": false,
        "allow_all_act_msg": false,
        "geo_enabled": true,
        "verified": false,
        "verified_type": -1,
        "status_id": 3419501566092332,
        "allow_all_comment": true,
        "avatar_large": "http://tp2.sinaimg.cn/2517949877/180/5625486649/0",
        "verified_reason": "",
        "follow_me": false,
        "online_status": 0,
        "bi_followers_count": 0,
        "lang": "zh-cn"
    },
    {
        "id": 1949768781,
        "idstr": "1949768781",
        "screen_name": "晨报刘滨",
        "name": "晨报刘滨",
        "province": "21",
        "city": "1",
        "location": "辽宁 沈阳",
        "description": "为一个字战斗",
        "url": "",
        "profile_image_url": "http://tp2.sinaimg.cn/1949768781/50/5609026114/1",
        "profile_url": "u/1949768781",
        "domain": "",
        "weihao": "",
        "gender": "m",
        "followers_count": 224,
        "friends_count": 389,
        "statuses_count": 409,
        "favourites_count": 36,
        "created_at": "Fri Feb 04 00:00:00 +0800 2011",
        "following": false,
        "allow_all_act_msg": false,
        "geo_enabled": true,
        "verified": false,
        "verified_type": -1,
        "status_id": 3419929972200428,
        "allow_all_comment": true,
        "avatar_large": "http://tp2.sinaimg.cn/1949768781/180/5609026114/1",
        "verified_reason": "",
        "follow_me": false,
        "online_status": 0,
        "bi_followers_count": 4,
        "lang": "zh-cn"
    },
    {
        "id": 1263387643,
        "idstr": "1263387643",
        "screen_name": "fen1234",
        "name": "fen1234",
        "province": "34",
        "city": "1000",
        "location": "安徽",
        "description": "面朝大海 春暖花开",
        "url": "http://blog.sina.com.cn/u/1263387643",
        "profile_image_url": "http://tp4.sinaimg.cn/1263387643/50/5622791856/1",
        "profile_url": "wenjun6668",
        "domain": "wenjun6668",
        "weihao": "",
        "gender": "m",
        "followers_count": 2228,
        "friends_count": 352,
        "statuses_count": 1303,
        "favourites_count": 21,
        "created_at": "Fri Aug 28 00:00:00 +0800 2009",
        "following": false,
        "allow_all_act_msg": true,
        "geo_enabled": false,
        "verified": true,
        "verified_type": 0,
        "status_id": 3420325386115995,
        "allow_all_comment": true,
        "avatar_large": "http://tp4.sinaimg.cn/1263387643/180/5622791856/1",
        "verified_reason": "时评作者，作品有《一个被低估的人》《怀念一个人和一段往事》等",
        "follow_me": false,
        "online_status": 0,
        "bi_followers_count": 127,
        "lang": "zh-cn"
    },
    {
        "id": 1792291184,
        "idstr": "1792291184",
        "screen_name": "旺崽牛乃",
        "name": "旺崽牛乃",
        "province": "43",
        "city": "3",
        "location": "湖南 湘潭",
        "description": "",
        "url": "",
        "profile_image_url": "http://tp1.sinaimg.cn/1792291184/50/5596676909/0",
        "profile_url": "u/1792291184",
        "domain": "",
        "weihao": "",
        "gender": "f",
        "followers_count": 177,
        "friends_count": 233,
        "statuses_count": 236,
        "favourites_count": 0,
        "created_at": "Fri Aug 13 00:00:00 +0800 2010",
        "following": false,
        "allow_all_act_msg": false,
        "geo_enabled": true,
        "verified": false,
        "verified_type": -1,
        "status_id": 3420200324149406,
        "allow_all_comment": true,
        "avatar_large": "http://tp1.sinaimg.cn/1792291184/180/5596676909/0",
        "verified_reason": "",
        "follow_me": false,
        "online_status": 0,
        "bi_followers_count": 0,
        "lang": "zh-cn"
    },
    {
        "id": 2646866731,
        "idstr": "2646866731",
        "screen_name": "后青春期-又一年",
        "name": "后青春期-又一年",
        "province": "36",
        "city": "7",
        "location": "江西 赣州",
        "description": "",
        "url": "",
        "profile_image_url": "http://tp4.sinaimg.cn/2646866731/50/0/1",
        "profile_url": "u/2646866731",
        "domain": "",
        "weihao": "",
        "gender": "m",
        "followers_count": 6,
        "friends_count": 92,
        "statuses_count": 0,
        "favourites_count": 0,
        "created_at": "Sun Mar 04 00:00:00 +0800 2012",
        "following": false,
        "allow_all_act_msg": false,
        "geo_enabled": true,
        "verified": false,
        "verified_type": -1,
        "allow_all_comment": true,
        "avatar_large": "http://tp4.sinaimg.cn/2646866731/180/0/1",
        "verified_reason": "",
        "follow_me": false,
        "online_status": 0,
        "bi_followers_count": 0,
        "lang": "zh-cn"
    },
    {
        "id": 2568004493,
        "idstr": "2568004493",
        "screen_name": "笑_大星",
        "name": "笑_大星",
        "province": "11",
        "city": "13",
        "location": "北京 顺义区",
        "description": "该有个新的生活了。",
        "url": "",
        "profile_image_url": "http://tp2.sinaimg.cn/2568004493/50/5623583696/0",
        "profile_url": "u/2568004493",
        "domain": "",
        "weihao": "",
        "gender": "f",
        "followers_count": 36,
        "friends_count": 168,
        "statuses_count": 35,
        "favourites_count": 0,
        "created_at": "Sun Jan 08 00:00:00 +0800 2012",
        "following": false,
        "allow_all_act_msg": false,
        "geo_enabled": true,
        "verified": false,
        "verified_type": -1,
        "status_id": 3420305663647698,
        "allow_all_comment": true,
        "avatar_large": "http://tp2.sinaimg.cn/2568004493/180/5623583696/0",
        "verified_reason": "",
        "follow_me": false,
        "online_status": 0,
        "bi_followers_count": 6,
        "lang": "zh-cn"
    },
    {
        "id": 1827120815,
        "idstr": "1827120815",
        "screen_name": "kira小闪",
        "name": "kira小闪",
        "province": "100",
        "city": "1000",
        "location": "其他",
        "description": "",
        "url": "",
        "profile_image_url": "http://tp4.sinaimg.cn/1827120815/50/5606797355/0",
        "profile_url": "ayaoa",
        "domain": "ayaoa",
        "weihao": "",
        "gender": "f",
        "followers_count": 4,
        "friends_count": 145,
        "statuses_count": 8,
        "favourites_count": 3,
        "created_at": "Mon Nov 15 00:00:00 +0800 2010",
        "following": false,
        "allow_all_act_msg": false,
        "geo_enabled": true,
        "verified": false,
        "verified_type": -1,
        "status_id": 3348359490571586,
        "allow_all_comment": true,
        "avatar_large": "http://tp4.sinaimg.cn/1827120815/180/5606797355/0",
        "verified_reason": "",
        "follow_me": false,
        "online_status": 0,
        "bi_followers_count": 1,
        "lang": "zh-cn"
    },
    {
        "id": 1471311937,
        "idstr": "1471311937",
        "screen_name": "于欣",
        "name": "于欣",
        "province": "21",
        "city": "1",
        "location": "辽宁 沈阳",
        "description": "欢迎提供辽宁地区的新闻线索。电话02496006",
        "url": "http://blog.sina.com.cn/yuyuanqi",
        "profile_image_url": "http://tp2.sinaimg.cn/1471311937/50/1294829488/1",
        "profile_url": "lswbyx",
        "domain": "lswbyx",
        "weihao": "",
        "gender": "m",
        "followers_count": 2244,
        "friends_count": 673,
        "statuses_count": 1926,
        "favourites_count": 28,
        "created_at": "Wed Sep 16 00:00:00 +0800 2009",
        "following": false,
        "allow_all_act_msg": false,
        "geo_enabled": true,
        "verified": true,
        "verified_type": 0,
        "status_id": 3420299666413364,
        "allow_all_comment": true,
        "avatar_large": "http://tp2.sinaimg.cn/1471311937/180/1294829488/1",
        "verified_reason": "媒体人",
        "follow_me": false,
        "online_status": 0,
        "bi_followers_count": 197,
        "lang": "zh-cn"
    },
    {
        "id": 2249639612,
        "idstr": "2249639612",
        "screen_name": "Baracho",
        "name": "Baracho",
        "province": "44",
        "city": "1",
        "location": "广东 广州",
        "description": "",
        "url": "",
        "profile_image_url": "http://tp1.sinaimg.cn/2249639612/50/5605717510/1",
        "profile_url": "baracho",
        "domain": "baracho",
        "weihao": "",
        "gender": "m",
        "followers_count": 13,
        "friends_count": 56,
        "statuses_count": 8,
        "favourites_count": 3,
        "created_at": "Sat Jul 16 00:00:00 +0800 2011",
        "following": false,
        "allow_all_act_msg": true,
        "geo_enabled": true,
        "verified": false,
        "verified_type": -1,
        "status_id": 3419982010749928,
        "allow_all_comment": true,
        "avatar_large": "http://tp1.sinaimg.cn/2249639612/180/5605717510/1",
        "verified_reason": "",
        "follow_me": false,
        "online_status": 0,
        "bi_followers_count": 2,
        "lang": "zh-cn"
    },
    {
        "id": 1935280702,
        "idstr": "1935280702",
        "screen_name": "黄阳丽-橘H",
        "name": "黄阳丽-橘H",
        "province": "45",
        "city": "6",
        "location": "广西 防城港",
        "description": "有时候超级想自己有个小平头 穿迷彩 穿军靴",
        "url": "",
        "profile_image_url": "http://tp3.sinaimg.cn/1935280702/50/5625668847/0",
        "profile_url": "gh0430dl",
        "domain": "gh0430dl",
        "weihao": "",
        "gender": "f",
        "followers_count": 290,
        "friends_count": 354,
        "statuses_count": 806,
        "favourites_count": 7,
        "created_at": "Wed Feb 09 00:00:00 +0800 2011",
        "following": false,
        "allow_all_act_msg": false,
        "geo_enabled": true,
        "verified": false,
        "verified_type": -1,
        "status_id": 3420197896014395,
        "allow_all_comment": true,
        "avatar_large": "http://tp3.sinaimg.cn/1935280702/180/5625668847/0",
        "verified_reason": "",
        "follow_me": false,
        "online_status": 0,
        "bi_followers_count": 103,
        "lang": "zh-cn"
    },
    {
        "id": 2702188032,
        "idstr": "2702188032",
        "screen_name": "张枪毙",
        "name": "张枪毙",
        "province": "37",
        "city": "9",
        "location": "山东 泰安",
        "description": "- 总是听不该听的 总是难过不该难过的",
        "url": "",
        "profile_image_url": "http://tp1.sinaimg.cn/2702188032/50/5623393017/1",
        "profile_url": "u/2702188032",
        "domain": "",
        "weihao": "",
        "gender": "m",
        "followers_count": 34,
        "friends_count": 220,
        "statuses_count": 86,
        "favourites_count": 1,
        "created_at": "Fri Feb 03 00:00:00 +0800 2012",
        "following": false,
        "allow_all_act_msg": false,
        "geo_enabled": true,
        "verified": false,
        "verified_type": -1,
        "status_id": 3420311972599311,
        "allow_all_comment": true,
        "avatar_large": "http://tp1.sinaimg.cn/2702188032/180/5623393017/1",
        "verified_reason": "",
        "follow_me": false,
        "online_status": 0,
        "bi_followers_count": 34,
        "lang": "zh-cn"
    },
    {
        "id": 1464719677,
        "idstr": "1464719677",
        "screen_name": "柚子加蜜",
        "name": "柚子加蜜",
        "province": "35",
        "city": "5",
        "location": "福建 泉州",
        "description": "心地清净方为道，退步原来是向前",
        "url": "",
        "profile_image_url": "http://tp2.sinaimg.cn/1464719677/50/0/0",
        "profile_url": "u/1464719677",
        "domain": "",
        "weihao": "",
        "gender": "f",
        "followers_count": 2,
        "friends_count": 42,
        "statuses_count": 0,
        "favourites_count": 0,
        "created_at": "Sat Mar 05 00:00:00 +0800 2011",
        "following": false,
        "allow_all_act_msg": false,
        "geo_enabled": true,
        "verified": false,
        "verified_type": -1,
        "allow_all_comment": true,
        "avatar_large": "http://tp2.sinaimg.cn/1464719677/180/0/0",
        "verified_reason": "",
        "follow_me": false,
        "online_status": 0,
        "bi_followers_count": 0,
        "lang": "zh-cn"
    },
    {
        "id": 2710831992,
        "idstr": "2710831992",
        "screen_name": "趣闻轶事_",
        "name": "趣闻轶事_",
        "province": "11",
        "city": "1000",
        "location": "北京",
        "description": "",
        "url": "",
        "profile_image_url": "http://tp1.sinaimg.cn/2710831992/50/5623592267/0",
        "profile_url": "u/2710831992",
        "domain": "",
        "weihao": "",
        "gender": "f",
        "followers_count": 626,
        "friends_count": 834,
        "statuses_count": 20,
        "favourites_count": 0,
        "created_at": "Tue Feb 07 00:00:00 +0800 2012",
        "following": false,
        "allow_all_act_msg": false,
        "geo_enabled": true,
        "verified": false,
        "verified_type": -1,
        "status_id": 3420376489393228,
        "allow_all_comment": true,
        "avatar_large": "http://tp1.sinaimg.cn/2710831992/180/5623592267/0",
        "verified_reason": "",
        "follow_me": false,
        "online_status": 0,
        "bi_followers_count": 0,
        "lang": "zh-cn"
    },
    {
        "id": 2694614112,
        "idstr": "2694614112",
        "screen_name": "抄兜叼烟靠墙",
        "name": "抄兜叼烟靠墙",
        "province": "400",
        "city": "1",
        "location": "海外 美国",
        "description": "哥不是水军，我操喃们妈妈韩粉！",
        "url": "",
        "profile_image_url": "http://tp1.sinaimg.cn/2694614112/50/5625222176/1",
        "profile_url": "u/2694614112",
        "domain": "",
        "weihao": "",
        "gender": "m",
        "followers_count": 11,
        "friends_count": 149,
        "statuses_count": 74,
        "favourites_count": 0,
        "created_at": "Mon Jan 30 00:00:00 +0800 2012",
        "following": false,
        "allow_all_act_msg": false,
        "geo_enabled": false,
        "verified": false,
        "verified_type": -1,
        "status_id": 3420501596596994,
        "allow_all_comment": false,
        "avatar_large": "http://tp1.sinaimg.cn/2694614112/180/5625222176/1",
        "verified_reason": "",
        "follow_me": false,
        "online_status": 0,
        "bi_followers_count": 2,
        "lang": "zh-cn"
    },
    {
        "id": 2599886617,
        "idstr": "2599886617",
        "screen_name": "一Single吴鑫佳",
        "name": "一Single吴鑫佳",
        "province": "33",
        "city": "1",
        "location": "浙江 杭州",
        "description": "",
        "url": "",
        "profile_image_url": "http://tp2.sinaimg.cn/2599886617/50/5625062199/1",
        "profile_url": "u/2599886617",
        "domain": "",
        "weihao": "",
        "gender": "m",
        "followers_count": 29,
        "friends_count": 108,
        "statuses_count": 154,
        "favourites_count": 10,
        "created_at": "Thu Feb 02 00:00:00 +0800 2012",
        "following": false,
        "allow_all_act_msg": false,
        "geo_enabled": true,
        "verified": false,
        "verified_type": -1,
        "status_id": 3419818001141970,
        "allow_all_comment": true,
        "avatar_large": "http://tp2.sinaimg.cn/2599886617/180/5625062199/1",
        "verified_reason": "",
        "follow_me": false,
        "online_status": 0,
        "bi_followers_count": 16,
        "lang": "zh-cn"
    },
    {
        "id": 2068271647,
        "idstr": "2068271647",
        "screen_name": "毓VoNne",
        "name": "毓VoNne",
        "province": "34",
        "city": "3",
        "location": "安徽 蚌埠",
        "description": "",
        "url": "",
        "profile_image_url": "http://tp4.sinaimg.cn/2068271647/50/5625669667/0",
        "profile_url": "u/2068271647",
        "domain": "",
        "weihao": "",
        "gender": "f",
        "followers_count": 21,
        "friends_count": 22,
        "statuses_count": 35,
        "favourites_count": 17,
        "created_at": "Mon Apr 04 00:00:00 +0800 2011",
        "following": false,
        "allow_all_act_msg": false,
        "geo_enabled": false,
        "verified": false,
        "verified_type": -1,
        "status_id": 3419801072643518,
        "allow_all_comment": false,
        "avatar_large": "http://tp4.sinaimg.cn/2068271647/180/5625669667/0",
        "verified_reason": "",
        "follow_me": false,
        "online_status": 0,
        "bi_followers_count": 4,
        "lang": "zh-cn"
    },
    {
        "id": 1751228337,
        "idstr": "1751228337",
        "screen_name": "hello郑大媛",
        "name": "hello郑大媛",
        "province": "50",
        "city": "12",
        "location": "重庆 渝北区",
        "description": "        吃了好多碧根果 牙齿都咬痛了!!!!",
        "url": "",
        "profile_image_url": "http://tp2.sinaimg.cn/1751228337/50/5617259464/0",
        "profile_url": "u/1751228337",
        "domain": "",
        "weihao": "",
        "gender": "f",
        "followers_count": 619,
        "friends_count": 435,
        "statuses_count": 2469,
        "favourites_count": 1,
        "created_at": "Sat Jun 05 00:00:00 +0800 2010",
        "following": false,
        "allow_all_act_msg": false,
        "geo_enabled": true,
        "verified": false,
        "verified_type": 220,
        "status_id": 3420375998577128,
        "allow_all_comment": true,
        "avatar_large": "http://tp2.sinaimg.cn/1751228337/180/5617259464/0",
        "verified_reason": "",
        "follow_me": false,
        "online_status": 0,
        "bi_followers_count": 104,
        "lang": "zh-cn"
    },
    {
        "id": 1491565651,
        "idstr": "1491565651",
        "screen_name": "林沁",
        "name": "林沁",
        "province": "61",
        "city": "1",
        "location": "陕西 西安",
        "description": "",
        "url": "",
        "profile_image_url": "http://tp4.sinaimg.cn/1491565651/50/1291187127/1",
        "profile_url": "xabianfeng",
        "domain": "xabianfeng",
        "weihao": "",
        "gender": "m",
        "followers_count": 291,
        "friends_count": 251,
        "statuses_count": 1538,
        "favourites_count": 2,
        "created_at": "Mon Dec 21 00:00:00 +0800 2009",
        "following": false,
        "allow_all_act_msg": true,
        "geo_enabled": true,
        "verified": false,
        "verified_type": -1,
        "status_id": 3420184432179508,
        "allow_all_comment": true,
        "avatar_large": "http://tp4.sinaimg.cn/1491565651/180/1291187127/1",
        "verified_reason": "",
        "follow_me": false,
        "online_status": 0,
        "bi_followers_count": 21,
        "lang": "zh-cn"
    },
    {
        "id": 2037002531,
        "idstr": "2037002531",
        "screen_name": "三纲五常2037002531",
        "name": "三纲五常2037002531",
        "province": "50",
        "city": "1000",
        "location": "重庆",
        "description": "守规则和道德的小商人",
        "url": "",
        "profile_image_url": "http://tp4.sinaimg.cn/2037002531/50/5612707115/1",
        "profile_url": "u/2037002531",
        "domain": "",
        "weihao": "",
        "gender": "m",
        "followers_count": 97,
        "friends_count": 1161,
        "statuses_count": 124,
        "favourites_count": 225,
        "created_at": "Mon Mar 21 00:00:00 +0800 2011",
        "following": false,
        "allow_all_act_msg": false,
        "geo_enabled": true,
        "verified": false,
        "verified_type": -1,
        "status_id": 3420320339940872,
        "allow_all_comment": true,
        "avatar_large": "http://tp4.sinaimg.cn/2037002531/180/5612707115/1",
        "verified_reason": "",
        "follow_me": false,
        "online_status": 0,
        "bi_followers_count": 25,
        "lang": "zh-cn"
    },
    {
        "id": 1689943401,
        "idstr": "1689943401",
        "screen_name": "-曾曾曾友斌",
        "name": "-曾曾曾友斌",
        "province": "36",
        "city": "7",
        "location": "江西 赣州",
        "description": "若干年后，变得或许不只是容颜",
        "url": "http://blog.sina.com.cn/zziazybin",
        "profile_image_url": "http://tp2.sinaimg.cn/1689943401/50/5625889474/1",
        "profile_url": "zngsbing",
        "domain": "zngsbing",
        "weihao": "",
        "gender": "m",
        "followers_count": 134,
        "friends_count": 307,
        "statuses_count": 315,
        "favourites_count": 1065,
        "created_at": "Fri Feb 05 00:00:00 +0800 2010",
        "following": false,
        "allow_all_act_msg": true,
        "geo_enabled": false,
        "verified": false,
        "verified_type": -1,
        "status_id": 3419996418351473,
        "allow_all_comment": true,
        "avatar_large": "http://tp2.sinaimg.cn/1689943401/180/5625889474/1",
        "verified_reason": "",
        "follow_me": false,
        "online_status": 0,
        "bi_followers_count": 36,
        "lang": "zh-cn"
    },
    {
        "id": 2232608373,
        "idstr": "2232608373",
        "screen_name": "临湖梧桐",
        "name": "临湖梧桐",
        "province": "42",
        "city": "1000",
        "location": "湖北",
        "description": "",
        "url": "",
        "profile_image_url": "http://tp2.sinaimg.cn/2232608373/50/0/1",
        "profile_url": "u/2232608373",
        "domain": "",
        "weihao": "",
        "gender": "m",
        "followers_count": 237,
        "friends_count": 1980,
        "statuses_count": 622,
        "favourites_count": 29,
        "created_at": "Thu Jul 07 00:00:00 +0800 2011",
        "following": false,
        "allow_all_act_msg": false,
        "geo_enabled": true,
        "verified": false,
        "verified_type": -1,
        "status_id": 3420515023083014,
        "allow_all_comment": true,
        "avatar_large": "http://tp2.sinaimg.cn/2232608373/180/0/1",
        "verified_reason": "",
        "follow_me": false,
        "online_status": 0,
        "bi_followers_count": 64,
        "lang": "zh-cn"
    },
    {
        "id": 2684305922,
        "idstr": "2684305922",
        "screen_name": "小曼0117xm",
        "name": "小曼0117xm",
        "province": "100",
        "city": "1000",
        "location": "其他",
        "description": "",
        "url": "",
        "profile_image_url": "http://tp3.sinaimg.cn/2684305922/50/5622600051/0",
        "profile_url": "u/2684305922",
        "domain": "",
        "weihao": "",
        "gender": "f",
        "followers_count": 9,
        "friends_count": 21,
        "statuses_count": 3,
        "favourites_count": 0,
        "created_at": "Wed Jan 25 00:00:00 +0800 2012",
        "following": false,
        "allow_all_act_msg": false,
        "geo_enabled": true,
        "verified": false,
        "verified_type": -1,
        "status_id": 3420493950733420,
        "allow_all_comment": true,
        "avatar_large": "http://tp3.sinaimg.cn/2684305922/180/5622600051/0",
        "verified_reason": "",
        "follow_me": false,
        "online_status": 0,
        "bi_followers_count": 1,
        "lang": "zh-cn"
    },
    {
        "id": 2362252575,
        "idstr": "2362252575",
        "screen_name": "活着最要爱",
        "name": "活着最要爱",
        "province": "44",
        "city": "3",
        "location": "广东 深圳",
        "description": "",
        "url": "",
        "profile_image_url": "http://tp4.sinaimg.cn/2362252575/50/0/1",
        "profile_url": "u/2362252575",
        "domain": "",
        "weihao": "",
        "gender": "m",
        "followers_count": 121,
        "friends_count": 143,
        "statuses_count": 1071,
        "favourites_count": 199,
        "created_at": "Fri Sep 16 00:00:00 +0800 2011",
        "following": false,
        "allow_all_act_msg": false,
        "geo_enabled": true,
        "verified": false,
        "verified_type": -1,
        "status_id": 3420408168884253,
        "allow_all_comment": true,
        "avatar_large": "http://tp4.sinaimg.cn/2362252575/180/0/1",
        "verified_reason": "",
        "follow_me": false,
        "online_status": 0,
        "bi_followers_count": 0,
        "lang": "zh-cn"
    },
    {
        "id": 2269724517,
        "idstr": "2269724517",
        "screen_name": "不愿做死胖子的彬哥",
        "name": "不愿做死胖子的彬哥",
        "province": "51",
        "city": "1",
        "location": "四川 成都",
        "description": "",
        "url": "",
        "profile_image_url": "http://tp2.sinaimg.cn/2269724517/50/5624894954/0",
        "profile_url": "u/2269724517",
        "domain": "",
        "weihao": "",
        "gender": "f",
        "followers_count": 44,
        "friends_count": 72,
        "statuses_count": 5,
        "favourites_count": 0,
        "created_at": "Tue Jul 26 00:00:00 +0800 2011",
        "following": false,
        "allow_all_act_msg": false,
        "geo_enabled": true,
        "verified": false,
        "verified_type": -1,
        "status_id": 3417872011551994,
        "allow_all_comment": true,
        "avatar_large": "http://tp2.sinaimg.cn/2269724517/180/5624894954/0",
        "verified_reason": "",
        "follow_me": false,
        "online_status": 0,
        "bi_followers_count": 13,
        "lang": "zh-cn"
    },
    {
        "id": 2673531614,
        "idstr": "2673531614",
        "screen_name": "大木0325",
        "name": "大木0325",
        "province": "31",
        "city": "1",
        "location": "上海 黄浦区",
        "description": "",
        "url": "",
        "profile_image_url": "http://tp3.sinaimg.cn/2673531614/50/0/0",
        "profile_url": "u/2673531614",
        "domain": "",
        "weihao": "",
        "gender": "f",
        "followers_count": 5,
        "friends_count": 176,
        "statuses_count": 1,
        "favourites_count": 110,
        "created_at": "Fri Jan 20 00:00:00 +0800 2012",
        "following": false,
        "allow_all_act_msg": false,
        "geo_enabled": true,
        "verified": false,
        "verified_type": -1,
        "status_id": 3413808356214787,
        "allow_all_comment": true,
        "avatar_large": "http://tp3.sinaimg.cn/2673531614/180/0/0",
        "verified_reason": "",
        "follow_me": false,
        "online_status": 0,
        "bi_followers_count": 3,
        "lang": "zh-cn"
    },
    {
        "id": 1719455463,
        "idstr": "1719455463",
        "screen_name": "恰恰阿",
        "name": "恰恰阿",
        "province": "11",
        "city": "5",
        "location": "北京 朝阳区",
        "description": "邵氏熊猫博物馆&李啵雅思英语学校",
        "url": "",
        "profile_image_url": "http://tp4.sinaimg.cn/1719455463/50/5602678972/0",
        "profile_url": "kkwaii",
        "domain": "kkwaii",
        "weihao": "",
        "gender": "f",
        "followers_count": 100,
        "friends_count": 125,
        "statuses_count": 638,
        "favourites_count": 49,
        "created_at": "Sat Mar 27 00:00:00 +0800 2010",
        "following": false,
        "allow_all_act_msg": false,
        "geo_enabled": true,
        "verified": false,
        "verified_type": -1,
        "status_id": 3419656431820514,
        "allow_all_comment": true,
        "avatar_large": "http://tp4.sinaimg.cn/1719455463/180/5602678972/0",
        "verified_reason": "",
        "follow_me": false,
        "online_status": 0,
        "bi_followers_count": 42,
        "lang": "zh-cn"
    },
    {
        "id": 2250768371,
        "idstr": "2250768371",
        "screen_name": "孙公子0505",
        "name": "孙公子0505",
        "province": "31",
        "city": "4",
        "location": "上海 徐汇区",
        "description": "",
        "url": "",
        "profile_image_url": "http://tp4.sinaimg.cn/2250768371/50/5606106445/1",
        "profile_url": "u/2250768371",
        "domain": "",
        "weihao": "",
        "gender": "m",
        "followers_count": 74,
        "friends_count": 70,
        "statuses_count": 231,
        "favourites_count": 4,
        "created_at": "Mon Jul 18 00:00:00 +0800 2011",
        "following": false,
        "allow_all_act_msg": false,
        "geo_enabled": true,
        "verified": false,
        "verified_type": -1,
        "status_id": 3420513642808857,
        "allow_all_comment": true,
        "avatar_large": "http://tp4.sinaimg.cn/2250768371/180/5606106445/1",
        "verified_reason": "",
        "follow_me": false,
        "online_status": 0,
        "bi_followers_count": 0,
        "lang": "zh-cn"
    },
    {
        "id": 1350445844,
        "idstr": "1350445844",
        "screen_name": "Lemon-媛",
        "name": "Lemon-媛",
        "province": "23",
        "city": "6",
        "location": "黑龙江 大庆",
        "description": "",
        "url": "http://blog.sina.com.cn/ly27278",
        "profile_image_url": "http://tp1.sinaimg.cn/1350445844/50/5605882103/0",
        "profile_url": "u/1350445844",
        "domain": "",
        "weihao": "",
        "gender": "f",
        "followers_count": 67,
        "friends_count": 270,
        "statuses_count": 128,
        "favourites_count": 7,
        "created_at": "Fri Dec 24 00:00:00 +0800 2010",
        "following": false,
        "allow_all_act_msg": false,
        "geo_enabled": true,
        "verified": false,
        "verified_type": -1,
        "status_id": 3420247388833678,
        "allow_all_comment": true,
        "avatar_large": "http://tp1.sinaimg.cn/1350445844/180/5605882103/0",
        "verified_reason": "",
        "follow_me": false,
        "online_status": 0,
        "bi_followers_count": 0,
        "lang": "zh-cn"
    },
    {
        "id": 1866639920,
        "idstr": "1866639920",
        "screen_name": "拦路劫笑",
        "name": "拦路劫笑",
        "province": "52",
        "city": "23",
        "location": "贵州 黔西南",
        "description": "",
        "url": "http://hc19880213.blog.163.com/",
        "profile_image_url": "http://tp1.sinaimg.cn/1866639920/50/5618332684/1",
        "profile_url": "u/1866639920",
        "domain": "",
        "weihao": "",
        "gender": "m",
        "followers_count": 210,
        "friends_count": 113,
        "statuses_count": 1233,
        "favourites_count": 4,
        "created_at": "Tue Nov 02 00:00:00 +0800 2010",
        "following": false,
        "allow_all_act_msg": false,
        "geo_enabled": true,
        "verified": false,
        "verified_type": -1,
        "status_id": 3420352816727275,
        "allow_all_comment": true,
        "avatar_large": "http://tp1.sinaimg.cn/1866639920/180/5618332684/1",
        "verified_reason": "",
        "follow_me": false,
        "online_status": 0,
        "bi_followers_count": 62,
        "lang": "zh-cn"
    },
    {
        "id": 1836838872,
        "idstr": "1836838872",
        "screen_name": "Hesont",
        "name": "Hesont",
        "province": "44",
        "city": "8",
        "location": "广东 湛江",
        "description": "strong till you break",
        "url": "http://blog.sina.com.cn/lxybluesun",
        "profile_image_url": "http://tp1.sinaimg.cn/1836838872/50/5625802847/0",
        "profile_url": "lxydaai",
        "domain": "lxydaai",
        "weihao": "",
        "gender": "f",
        "followers_count": 194,
        "friends_count": 103,
        "statuses_count": 91,
        "favourites_count": 820,
        "created_at": "Thu Sep 30 00:00:00 +0800 2010",
        "following": false,
        "allow_all_act_msg": true,
        "geo_enabled": false,
        "verified": false,
        "verified_type": -1,
        "status_id": 3419844311794125,
        "allow_all_comment": true,
        "avatar_large": "http://tp1.sinaimg.cn/1836838872/180/5625802847/0",
        "verified_reason": "",
        "follow_me": false,
        "online_status": 0,
        "bi_followers_count": 40,
        "lang": "zh-tw"
    },
    {
        "id": 1729207233,
        "idstr": "1729207233",
        "screen_name": "饿鱼来了",
        "name": "饿鱼来了",
        "province": "61",
        "city": "1",
        "location": "陕西 西安",
        "description": "绿色食品，无毒无害",
        "url": "",
        "profile_image_url": "http://tp2.sinaimg.cn/1729207233/50/5621932756/1",
        "profile_url": "kinght11",
        "domain": "kinght11",
        "weihao": "",
        "gender": "m",
        "followers_count": 97,
        "friends_count": 171,
        "statuses_count": 799,
        "favourites_count": 1,
        "created_at": "Tue Apr 13 00:00:00 +0800 2010",
        "following": false,
        "allow_all_act_msg": false,
        "geo_enabled": true,
        "verified": false,
        "verified_type": -1,
        "status_id": 3420381014926237,
        "allow_all_comment": true,
        "avatar_large": "http://tp2.sinaimg.cn/1729207233/180/5621932756/1",
        "verified_reason": "",
        "follow_me": false,
        "online_status": 0,
        "bi_followers_count": 77,
        "lang": "zh-cn"
    },
    {
        "id": 1912683337,
        "idstr": "1912683337",
        "screen_name": "dasjbfkd",
        "name": "dasjbfkd",
        "province": "31",
        "city": "1000",
        "location": "上海",
        "description": "",
        "url": "",
        "profile_image_url": "http://tp2.sinaimg.cn/1912683337/50/0/1",
        "profile_url": "u/1912683337",
        "domain": "",
        "weihao": "",
        "gender": "m",
        "followers_count": 2,
        "friends_count": 18,
        "statuses_count": 0,
        "favourites_count": 3,
        "created_at": "Wed Jan 05 00:00:00 +0800 2011",
        "following": false,
        "allow_all_act_msg": false,
        "geo_enabled": true,
        "verified": false,
        "verified_type": -1,
        "allow_all_comment": true,
        "avatar_large": "http://tp2.sinaimg.cn/1912683337/180/0/1",
        "verified_reason": "",
        "follow_me": false,
        "online_status": 0,
        "bi_followers_count": 0,
        "lang": "zh-cn"
    },
    {
        "id": 2467426157,
        "idstr": "2467426157",
        "screen_name": "桑知子",
        "name": "桑知子",
        "province": "35",
        "city": "1",
        "location": "福建 福州",
        "description": "最懂的人，最暖的伴",
        "url": "http://blog.sina.com.cn/u/2467426157",
        "profile_image_url": "http://tp2.sinaimg.cn/2467426157/50/5617725016/0",
        "profile_url": "u/2467426157",
        "domain": "",
        "weihao": "",
        "gender": "f",
        "followers_count": 19,
        "friends_count": 128,
        "statuses_count": 32,
        "favourites_count": 2,
        "created_at": "Wed Nov 16 00:00:00 +0800 2011",
        "following": false,
        "allow_all_act_msg": false,
        "geo_enabled": true,
        "verified": false,
        "verified_type": -1,
        "status_id": 3419654339292274,
        "allow_all_comment": true,
        "avatar_large": "http://tp2.sinaimg.cn/2467426157/180/5617725016/0",
        "verified_reason": "",
        "follow_me": false,
        "online_status": 0,
        "bi_followers_count": 2,
        "lang": "zh-cn"
    },
    {
        "id": 1762343413,
        "idstr": "1762343413",
        "screen_name": "哈鑫VaMcaka",
        "name": "哈鑫VaMcaka",
        "province": "11",
        "city": "5",
        "location": "北京 朝阳区",
        "description": "",
        "url": "",
        "profile_image_url": "http://tp2.sinaimg.cn/1762343413/50/5623811387/1",
        "profile_url": "u/1762343413",
        "domain": "",
        "weihao": "",
        "gender": "m",
        "followers_count": 4,
        "friends_count": 61,
        "statuses_count": 18,
        "favourites_count": 0,
        "created_at": "Thu Jun 24 00:00:00 +0800 2010",
        "following": false,
        "allow_all_act_msg": false,
        "geo_enabled": true,
        "verified": false,
        "verified_type": -1,
        "status_id": 3409450796658396,
        "allow_all_comment": true,
        "avatar_large": "http://tp2.sinaimg.cn/1762343413/180/5623811387/1",
        "verified_reason": "",
        "follow_me": false,
        "online_status": 0,
        "bi_followers_count": 4,
        "lang": "zh-cn"
    },
    {
        "id": 2386571824,
        "idstr": "2386571824",
        "screen_name": "taibaiyu太白鱼",
        "name": "taibaiyu太白鱼",
        "province": "33",
        "city": "1000",
        "location": "浙江",
        "description": "???!!!!!多党竞争、全民普选、司法独立、新闻自由、军队国家化",
        "url": "",
        "profile_image_url": "http://tp1.sinaimg.cn/2386571824/50/5616642729/0",
        "profile_url": "taibaiyu",
        "domain": "taibaiyu",
        "weihao": "",
        "gender": "f",
        "followers_count": 1124,
        "friends_count": 1982,
        "statuses_count": 4408,
        "favourites_count": 316,
        "created_at": "Sat Sep 10 00:00:00 +0800 2011",
        "following": false,
        "allow_all_act_msg": true,
        "geo_enabled": false,
        "verified": false,
        "verified_type": -1,
        "status_id": 3420335238022924,
        "allow_all_comment": true,
        "avatar_large": "http://tp1.sinaimg.cn/2386571824/180/5616642729/0",
        "verified_reason": "",
        "follow_me": false,
        "online_status": 0,
        "bi_followers_count": 495,
        "lang": "zh-cn"
    },
    {
        "id": 1908131375,
        "idstr": "1908131375",
        "screen_name": "相见怀念365",
        "name": "相见怀念365",
        "province": "100",
        "city": "1000",
        "location": "其他",
        "description": "何时想念，何时相见",
        "url": "",
        "profile_image_url": "http://tp4.sinaimg.cn/1908131375/50/5623823627/0",
        "profile_url": "u/1908131375",
        "domain": "",
        "weihao": "",
        "gender": "f",
        "followers_count": 133,
        "friends_count": 287,
        "statuses_count": 1029,
        "favourites_count": 4,
        "created_at": "Fri Dec 31 00:00:00 +0800 2010",
        "following": false,
        "allow_all_act_msg": false,
        "geo_enabled": true,
        "verified": false,
        "verified_type": -1,
        "status_id": 3420482273827912,
        "allow_all_comment": true,
        "avatar_large": "http://tp4.sinaimg.cn/1908131375/180/5623823627/0",
        "verified_reason": "",
        "follow_me": false,
        "online_status": 0,
        "bi_followers_count": 24,
        "lang": "zh-cn"
    },
    {
        "id": 1768330543,
        "idstr": "1768330543",
        "screen_name": "TimAndTom",
        "name": "TimAndTom",
        "province": "51",
        "city": "1",
        "location": "四川 成都",
        "description": "",
        "url": "",
        "profile_image_url": "http://tp4.sinaimg.cn/1768330543/50/5610803565/1",
        "profile_url": "u/1768330543",
        "domain": "",
        "weihao": "",
        "gender": "m",
        "followers_count": 11,
        "friends_count": 53,
        "statuses_count": 53,
        "favourites_count": 0,
        "created_at": "Mon Jul 05 00:00:00 +0800 2010",
        "following": false,
        "allow_all_act_msg": false,
        "geo_enabled": true,
        "verified": false,
        "verified_type": -1,
        "status_id": 3419583963171275,
        "allow_all_comment": true,
        "avatar_large": "http://tp4.sinaimg.cn/1768330543/180/5610803565/1",
        "verified_reason": "",
        "follow_me": false,
        "online_status": 0,
        "bi_followers_count": 0,
        "lang": "zh-cn"
    },
    {
        "id": 1743471083,
        "idstr": "1743471083",
        "screen_name": "KfreeZ",
        "name": "KfreeZ",
        "province": "31",
        "city": "4",
        "location": "上海 徐汇区",
        "description": "be original, be raw",
        "url": "",
        "profile_image_url": "http://tp4.sinaimg.cn/1743471083/50/1300522305/1",
        "profile_url": "kfreez",
        "domain": "kfreez",
        "weihao": "",
        "gender": "m",
        "followers_count": 231,
        "friends_count": 107,
        "statuses_count": 928,
        "favourites_count": 25,
        "created_at": "Wed Jan 26 00:00:00 +0800 2011",
        "following": false,
        "allow_all_act_msg": false,
        "geo_enabled": true,
        "verified": false,
        "verified_type": -1,
        "status_id": 3420489152242405,
        "allow_all_comment": true,
        "avatar_large": "http://tp4.sinaimg.cn/1743471083/180/1300522305/1",
        "verified_reason": "",
        "follow_me": false,
        "online_status": 0,
        "bi_followers_count": 67,
        "lang": "zh-cn"
    },
    {
        "id": 1885776374,
        "idstr": "1885776374",
        "screen_name": "阿kun坤",
        "name": "阿kun坤",
        "province": "32",
        "city": "1",
        "location": "江苏 南京",
        "description": "阿坤阿昆阿困阿坑。hiahiahia=3=",
        "url": "",
        "profile_image_url": "http://tp3.sinaimg.cn/1885776374/50/5623058001/0",
        "profile_url": "u/1885776374",
        "domain": "",
        "weihao": "",
        "gender": "f",
        "followers_count": 168,
        "friends_count": 281,
        "statuses_count": 275,
        "favourites_count": 6,
        "created_at": "Tue Nov 30 00:00:00 +0800 2010",
        "following": false,
        "allow_all_act_msg": false,
        "geo_enabled": true,
        "verified": false,
        "verified_type": 200,
        "status_id": 3420296797494194,
        "allow_all_comment": true,
        "avatar_large": "http://tp3.sinaimg.cn/1885776374/180/5623058001/0",
        "verified_reason": "",
        "follow_me": false,
        "online_status": 0,
        "bi_followers_count": 98,
        "lang": "zh-cn"
    },
    {
        "id": 1140875403,
        "idstr": "1140875403",
        "screen_name": "boxleebox",
        "name": "boxleebox",
        "province": "11",
        "city": "3",
        "location": "北京 崇文区",
        "description": "混在北京的胖子",
        "url": "http://blog.sina.com.cn/boxlee",
        "profile_image_url": "http://tp4.sinaimg.cn/1140875403/50/1293357154/1",
        "profile_url": "boxleebox",
        "domain": "boxleebox",
        "weihao": "",
        "gender": "m",
        "followers_count": 76,
        "friends_count": 97,
        "statuses_count": 451,
        "favourites_count": 1,
        "created_at": "Mon Jan 11 00:00:00 +0800 2010",
        "following": false,
        "allow_all_act_msg": false,
        "geo_enabled": true,
        "verified": false,
        "verified_type": -1,
        "status_id": 3419566455416291,
        "allow_all_comment": true,
        "avatar_large": "http://tp4.sinaimg.cn/1140875403/180/1293357154/1",
        "verified_reason": "",
        "follow_me": false,
        "online_status": 0,
        "bi_followers_count": 43,
        "lang": "zh-cn"
    }],
    "next_cursor": 50,
    "previous_cursor": 0,
    "total_number": 38960
}