{
    "users": [{
        "id": 1949768781,
        "idstr": "1949768781",
        "screen_name": "晨报刘滨",
        "name": "晨报刘滨",
        "province": "21",
        "city": "1",
        "location": "辽宁 沈阳",
        "description": "为一个字战斗",
        "url": "",
        "profile_image_url": "http://tp2.sinaimg.cn/1949768781/50/5609026114/1",
        "profile_url": "u/1949768781",
        "domain": "",
        "weihao": "",
        "gender": "m",
        "followers_count": 224,
        "friends_count": 389,
        "statuses_count": 409,
        "favourites_count": 36,
        "created_at": "Fri Feb 04 00:00:00 +0800 2011",
        "following": false,
        "allow_all_act_msg": false,
        "geo_enabled": true,
        "verified": false,
        "verified_type": -1,
        "status_id": 3419929972200428,
        "allow_all_comment": true,
        "avatar_large": "http://tp2.sinaimg.cn/1949768781/180/5609026114/1",
        "verified_reason": "",
        "follow_me": false,
        "online_status": 0,
        "bi_followers_count": 4,
        "lang": "zh-cn"
    },
    {
        "id": 1263387643,
        "idstr": "1263387643",
        "screen_name": "fen1234",
        "name": "fen1234",
        "province": "34",
        "city": "1000",
        "location": "安徽",
        "description": "面朝大海 春暖花开",
        "url": "http://blog.sina.com.cn/u/1263387643",
        "profile_image_url": "http://tp4.sinaimg.cn/1263387643/50/5622791856/1",
        "profile_url": "wenjun6668",
        "domain": "wenjun6668",
        "weihao": "",
        "gender": "m",
        "followers_count": 2228,
        "friends_count": 352,
        "statuses_count": 1303,
        "favourites_count": 21,
        "created_at": "Fri Aug 28 00:00:00 +0800 2009",
        "following": false,
        "allow_all_act_msg": true,
        "geo_enabled": false,
        "verified": true,
        "verified_type": 0,
        "status_id": 3420325386115995,
        "allow_all_comment": true,
        "avatar_large": "http://tp4.sinaimg.cn/1263387643/180/5622791856/1",
        "verified_reason": "时评作者，作品有《一个被低估的人》《怀念一个人和一段往事》等",
        "follow_me": false,
        "online_status": 0,
        "bi_followers_count": 127,
        "lang": "zh-cn"
    },
    {
        "id": 1471311937,
        "idstr": "1471311937",
        "screen_name": "于欣",
        "name": "于欣",
        "province": "21",
        "city": "1",
        "location": "辽宁 沈阳",
        "description": "欢迎提供辽宁地区的新闻线索。电话02496006",
        "url": "http://blog.sina.com.cn/yuyuanqi",
        "profile_image_url": "http://tp2.sinaimg.cn/1471311937/50/1294829488/1",
        "profile_url": "lswbyx",
        "domain": "lswbyx",
        "weihao": "",
        "gender": "m",
        "followers_count": 2244,
        "friends_count": 673,
        "statuses_count": 1926,
        "favourites_count": 28,
        "created_at": "Wed Sep 16 00:00:00 +0800 2009",
        "following": false,
        "allow_all_act_msg": false,
        "geo_enabled": true,
        "verified": true,
        "verified_type": 0,
        "status_id": 3420299666413364,
        "allow_all_comment": true,
        "avatar_large": "http://tp2.sinaimg.cn/1471311937/180/1294829488/1",
        "verified_reason": "媒体人",
        "follow_me": false,
        "online_status": 0,
        "bi_followers_count": 197,
        "lang": "zh-cn"
    },
    {
        "id": 1279702974,
        "idstr": "1279702974",
        "screen_name": "刘思宇_",
        "name": "刘思宇_",
        "province": "11",
        "city": "2",
        "location": "北京 西城区",
        "description": "创业青年，从政，入商，拽文，学习不止。（电视节目、演讲、采访、拍戏等邀约请联：lsylovess@163.com）喜欢美食与旅游，会是一个走遍世界的镜前人。",
        "url": "http://blog.sina.com.cn/lsylovess",
        "profile_image_url": "http://tp3.sinaimg.cn/1279702974/50/5615602067/1",
        "profile_url": "91991513",
        "domain": "siyuliu",
        "weihao": "91991513",
        "gender": "m",
        "followers_count": 18813,
        "friends_count": 1117,
        "statuses_count": 13715,
        "favourites_count": 120,
        "created_at": "Mon Nov 02 00:00:00 +0800 2009",
        "following": false,
        "allow_all_act_msg": true,
        "geo_enabled": true,
        "verified": true,
        "verified_type": 0,
        "status_id": 3420490733825664,
        "allow_all_comment": true,
        "avatar_large": "http://tp3.sinaimg.cn/1279702974/180/5615602067/1",
        "verified_reason": "刘思宇，新锐作家，社会活动家，联合国儿童基金会青少年爱心大使，著名企业战略管理咨询培训师。",
        "follow_me": false,
        "online_status": 0,
        "bi_followers_count": 806,
        "lang": "zh-cn"
    },
    {
        "id": 1497882593,
        "idstr": "1497882593",
        "screen_name": "胡舒立",
        "name": "胡舒立",
        "province": "11",
        "city": "8",
        "location": "北京 海淀区",
        "description": "",
        "url": "",
        "profile_image_url": "http://tp2.sinaimg.cn/1497882593/50/1289672687/0",
        "profile_url": "hushuli",
        "domain": "hushuli",
        "weihao": "",
        "gender": "f",
        "followers_count": 587974,
        "friends_count": 40,
        "statuses_count": 345,
        "favourites_count": 3,
        "created_at": "Sun Mar 21 00:00:00 +0800 2010",
        "following": false,
        "allow_all_act_msg": false,
        "geo_enabled": false,
        "verified": true,
        "verified_type": 0,
        "status_id": 3420338547486252,
        "allow_all_comment": true,
        "avatar_large": "http://tp2.sinaimg.cn/1497882593/180/1289672687/0",
        "verified_reason": "财新传媒总编辑",
        "follow_me": false,
        "online_status": 0,
        "bi_followers_count": 30,
        "lang": "zh-cn"
    },
    {
        "id": 1298028354,
        "idstr": "1298028354",
        "screen_name": "钱莉芳",
        "name": "钱莉芳",
        "province": "32",
        "city": "2",
        "location": "江苏 无锡",
        "description": "新作《天命》11月初已上市。《天意》再版也已上市。详见博客首页",
        "url": "http://blog.sina.com.cn/sfqianlifang",
        "profile_image_url": "http://tp3.sinaimg.cn/1298028354/50/5609499009/0",
        "profile_url": "sfqianlifang",
        "domain": "sfqianlifang",
        "weihao": "",
        "gender": "f",
        "followers_count": 4759,
        "friends_count": 231,
        "statuses_count": 1321,
        "favourites_count": 0,
        "created_at": "Fri Jul 08 00:00:00 +0800 2011",
        "following": false,
        "allow_all_act_msg": false,
        "geo_enabled": true,
        "verified": true,
        "verified_type": 0,
        "status_id": 3420516658890535,
        "allow_all_comment": true,
        "avatar_large": "http://tp3.sinaimg.cn/1298028354/180/5609499009/0",
        "verified_reason": "科幻作家钱莉芳，代表作：历史科幻《天意》《天命》",
        "follow_me": false,
        "online_status": 0,
        "bi_followers_count": 126,
        "lang": "zh-cn"
    },
    {
        "id": 1820407091,
        "idstr": "1820407091",
        "screen_name": "三智道商国学院",
        "name": "三智道商国学院",
        "province": "11",
        "city": "8",
        "location": "北京 海淀区",
        "description": "秉承传播传统文化的宗旨，为热爱国学的同学提供更广阔的学习平台。",
        "url": "",
        "profile_image_url": "http://tp4.sinaimg.cn/1820407091/50/1285294270/1",
        "profile_url": "sanzhidaoshang",
        "domain": "sanzhidaoshang",
        "weihao": "",
        "gender": "m",
        "followers_count": 2743,
        "friends_count": 1922,
        "statuses_count": 1161,
        "favourites_count": 1,
        "created_at": "Thu Sep 16 00:00:00 +0800 2010",
        "following": false,
        "allow_all_act_msg": false,
        "geo_enabled": true,
        "verified": false,
        "verified_type": -1,
        "status_id": 3420302190715872,
        "allow_all_comment": true,
        "avatar_large": "http://tp4.sinaimg.cn/1820407091/180/1285294270/1",
        "verified_reason": "",
        "follow_me": false,
        "online_status": 0,
        "bi_followers_count": 1747,
        "lang": "zh-cn"
    },
    {
        "id": 1785719525,
        "idstr": "1785719525",
        "screen_name": "上海辞书潘涛",
        "name": "上海辞书潘涛",
        "province": "100",
        "city": "1000",
        "location": "其他",
        "description": "",
        "url": "",
        "profile_image_url": "http://tp2.sinaimg.cn/1785719525/50/5621579655/1",
        "profile_url": "u/1785719525",
        "domain": "",
        "weihao": "",
        "gender": "m",
        "followers_count": 1068,
        "friends_count": 1258,
        "statuses_count": 88,
        "favourites_count": 0,
        "created_at": "Tue Aug 03 00:00:00 +0800 2010",
        "following": false,
        "allow_all_act_msg": false,
        "geo_enabled": true,
        "verified": true,
        "verified_type": 0,
        "status_id": 3420504151437901,
        "allow_all_comment": true,
        "avatar_large": "http://tp2.sinaimg.cn/1785719525/180/5621579655/1",
        "verified_reason": "上海辞书出版社总编辑潘涛",
        "follow_me": false,
        "online_status": 0,
        "bi_followers_count": 487,
        "lang": "zh-cn"
    },
    {
        "id": 1729455320,
        "idstr": "1729455320",
        "screen_name": "辽沈晚报杨宝顶",
        "name": "辽沈晚报杨宝顶",
        "province": "21",
        "city": "1",
        "location": "辽宁 沈阳",
        "description": "出来混，早晚是要完的。",
        "url": "",
        "profile_image_url": "http://tp1.sinaimg.cn/1729455320/50/1293158849/1",
        "profile_url": "solosinger",
        "domain": "solosinger",
        "weihao": "",
        "gender": "m",
        "followers_count": 1206,
        "friends_count": 1314,
        "statuses_count": 2732,
        "favourites_count": 386,
        "created_at": "Tue Apr 13 00:00:00 +0800 2010",
        "following": false,
        "allow_all_act_msg": false,
        "geo_enabled": true,
        "verified": true,
        "verified_type": 0,
        "status_id": 3420417811290944,
        "allow_all_comment": true,
        "avatar_large": "http://tp1.sinaimg.cn/1729455320/180/1293158849/1",
        "verified_reason": "辽沈晚报社会新闻部副主任 杨宝顶",
        "follow_me": false,
        "online_status": 0,
        "bi_followers_count": 532,
        "lang": "zh-cn"
    },
    {
        "id": 1236382915,
        "idstr": "1236382915",
        "screen_name": "郭光东",
        "name": "郭光东",
        "province": "11",
        "city": "5",
        "location": "北京 朝阳区",
        "description": "在南方周末报社供职10年，曾任编委，新闻部总监，兼评论部总监",
        "url": "http://blog.sina.com.cn/guoguangdong",
        "profile_image_url": "http://tp4.sinaimg.cn/1236382915/50/5624478889/1",
        "profile_url": "u/1236382915",
        "domain": "",
        "weihao": "",
        "gender": "m",
        "followers_count": 10016,
        "friends_count": 260,
        "statuses_count": 79,
        "favourites_count": 4,
        "created_at": "Thu Feb 16 00:00:00 +0800 2012",
        "following": false,
        "allow_all_act_msg": false,
        "geo_enabled": true,
        "verified": true,
        "verified_type": 0,
        "status_id": 3420361112256220,
        "allow_all_comment": true,
        "avatar_large": "http://tp4.sinaimg.cn/1236382915/180/5624478889/1",
        "verified_reason": "《博客天下》、《财经天下周刊》、《人物》杂志 出版人，博雅天下传播机构副总裁",
        "follow_me": false,
        "online_status": 0,
        "bi_followers_count": 143,
        "lang": "zh-cn"
    },
    {
        "id": 1638988052,
        "idstr": "1638988052",
        "screen_name": "安替",
        "name": "安替",
        "province": "11",
        "city": "5",
        "location": "北京 朝阳区",
        "description": "新闻人，专栏作家，哈佛尼曼学者。",
        "url": "http://blog.sina.com.cn/anti",
        "profile_image_url": "http://tp1.sinaimg.cn/1638988052/50/1279882776/1",
        "profile_url": "mranti",
        "domain": "mranti",
        "weihao": "",
        "gender": "m",
        "followers_count": 31338,
        "friends_count": 510,
        "statuses_count": 1795,
        "favourites_count": 0,
        "created_at": "Fri Aug 28 00:00:00 +0800 2009",
        "following": false,
        "allow_all_act_msg": false,
        "geo_enabled": true,
        "verified": true,
        "verified_type": 0,
        "status_id": 3418790627248537,
        "allow_all_comment": true,
        "avatar_large": "http://tp1.sinaimg.cn/1638988052/180/1279882776/1",
        "verified_reason": "哈佛尼曼学者、专栏作家",
        "follow_me": false,
        "online_status": 0,
        "bi_followers_count": 316,
        "lang": "zh-cn"
    },
    {
        "id": 1867414510,
        "idstr": "1867414510",
        "screen_name": "RGF艾杰飞人力资源",
        "name": "RGF艾杰飞人力资源",
        "province": "31",
        "city": "1",
        "location": "上海 黄浦区",
        "description": "◆关于RGF HR Agent日企专版◆      <br />\n面向日资企业和日语人才提供招聘求职服务。<br />\n网站www.rgf-hragent.com.cn由上海艾杰飞人力资源有限公…",
        "url": "http://www.rgf-hragent.com.cn/",
        "profile_image_url": "http://tp3.sinaimg.cn/1867414510/50/5599565748/1",
        "profile_url": "rgfhr",
        "domain": "rgfhr",
        "weihao": "",
        "gender": "m",
        "followers_count": 1511,
        "friends_count": 320,
        "statuses_count": 492,
        "favourites_count": 1,
        "created_at": "Wed Nov 03 00:00:00 +0800 2010",
        "following": false,
        "allow_all_act_msg": true,
        "geo_enabled": true,
        "verified": true,
        "verified_type": 2,
        "status_id": 3412951719567707,
        "allow_all_comment": true,
        "avatar_large": "http://tp3.sinaimg.cn/1867414510/180/5599565748/1",
        "verified_reason": "上海艾杰飞人力资源有限公司",
        "follow_me": false,
        "online_status": 0,
        "bi_followers_count": 104,
        "lang": "zh-cn"
    },
    {
        "id": 1576380767,
        "idstr": "1576380767",
        "screen_name": "陈萍usa",
        "name": "陈萍usa",
        "province": "400",
        "city": "1",
        "location": "海外 美国",
        "description": "陈萍，美国侨福地产公司的经纪人。 身为中国华侨，在美国洛杉矶房地产领域里耕耘了十年的我，很愿意把我的知识和经验跟我祖国的同胞们分享。",
        "url": "http://blog.sina.com.cn/chenpingus",
        "profile_image_url": "http://tp4.sinaimg.cn/1576380767/50/1263577128/0",
        "profile_url": "u/1576380767",
        "domain": "",
        "weihao": "",
        "gender": "f",
        "followers_count": 2985,
        "friends_count": 1314,
        "statuses_count": 1031,
        "favourites_count": 0,
        "created_at": "Mon Jan 04 00:00:00 +0800 2010",
        "following": false,
        "allow_all_act_msg": false,
        "geo_enabled": true,
        "verified": true,
        "verified_type": 0,
        "status_id": 3420205005077511,
        "allow_all_comment": true,
        "avatar_large": "http://tp4.sinaimg.cn/1576380767/180/1263577128/0",
        "verified_reason": "美国Coldwell Banker 侨福地产公司的经纪人 陈萍",
        "follow_me": false,
        "online_status": 0,
        "bi_followers_count": 788,
        "lang": "zh-cn"
    },
    {
        "id": 1869578135,
        "idstr": "1869578135",
        "screen_name": "池樟",
        "name": "池樟",
        "province": "37",
        "city": "2",
        "location": "山东 青岛",
        "description": "",
        "url": "",
        "profile_image_url": "http://tp4.sinaimg.cn/1869578135/50/5618323783/1",
        "profile_url": "genechristian",
        "domain": "genechristian",
        "weihao": "",
        "gender": "m",
        "followers_count": 3006,
        "friends_count": 1948,
        "statuses_count": 102,
        "favourites_count": 54,
        "created_at": "Sun Nov 21 00:00:00 +0800 2010",
        "following": false,
        "allow_all_act_msg": true,
        "geo_enabled": false,
        "verified": true,
        "verified_type": 0,
        "status_id": 3420364849434140,
        "allow_all_comment": true,
        "avatar_large": "http://tp4.sinaimg.cn/1869578135/180/5618323783/1",
        "verified_reason": "搜城创始人 Geilier系统架构师",
        "follow_me": false,
        "online_status": 0,
        "bi_followers_count": 1297,
        "lang": "zh-cn"
    },
    {
        "id": 1459358890,
        "idstr": "1459358890",
        "screen_name": "破破的桥",
        "name": "破破的桥",
        "province": "400",
        "city": "1",
        "location": "海外 美国",
        "description": "本博目标：共同探讨提高智力。北大博士。IT行业。兴趣：网站运营、网络传播、网民心理。正在写作：《潜台词》。分析网民语言",
        "url": "http://blog.sina.com.cn/yilukaka",
        "profile_image_url": "http://tp3.sinaimg.cn/1459358890/50/1293755607/1",
        "profile_url": "bridgeduan",
        "domain": "bridgeduan",
        "weihao": "",
        "gender": "m",
        "followers_count": 35960,
        "friends_count": 1893,
        "statuses_count": 4052,
        "favourites_count": 127,
        "created_at": "Thu Nov 18 00:00:00 +0800 2010",
        "following": false,
        "allow_all_act_msg": true,
        "geo_enabled": true,
        "verified": true,
        "verified_type": 0,
        "status_id": 3420286034869094,
        "allow_all_comment": true,
        "avatar_large": "http://tp3.sinaimg.cn/1459358890/180/1293755607/1",
        "verified_reason": "宾夕法尼亚州立大学访问学者、新浪名博",
        "follow_me": false,
        "online_status": 0,
        "bi_followers_count": 706,
        "lang": "zh-cn"
    },
    {
        "id": 1502351415,
        "idstr": "1502351415",
        "screen_name": "木白言吾言己",
        "name": "木白言吾言己",
        "province": "53",
        "city": "1",
        "location": "云南 昆明",
        "description": "[寂樂自尋]清寂之樂,無關寂寞.",
        "url": "http://blog.sina.com.cn/yunji1pin",
        "profile_image_url": "http://tp4.sinaimg.cn/1502351415/50/1271810783/1",
        "profile_url": "mbywyj",
        "domain": "mbywyj",
        "weihao": "",
        "gender": "m",
        "followers_count": 1020,
        "friends_count": 258,
        "statuses_count": 431,
        "favourites_count": 1,
        "created_at": "Mon Nov 30 00:00:00 +0800 2009",
        "following": false,
        "allow_all_act_msg": false,
        "geo_enabled": true,
        "verified": false,
        "verified_type": -1,
        "status_id": 3420259136972002,
        "allow_all_comment": true,
        "avatar_large": "http://tp4.sinaimg.cn/1502351415/180/1271810783/1",
        "verified_reason": "",
        "follow_me": false,
        "online_status": 0,
        "bi_followers_count": 0,
        "lang": "zh-cn"
    },
    {
        "id": 2255913581,
        "idstr": "2255913581",
        "screen_name": "辽沈身边事",
        "name": "辽沈身边事",
        "province": "21",
        "city": "1",
        "location": "辽宁 沈阳",
        "description": "新浪辽宁爆料平台官方微博，无论大事小情都有我的身影。 欢迎大家积极爆料，踊跃投稿~！",
        "url": "",
        "profile_image_url": "http://tp2.sinaimg.cn/2255913581/50/5620026416/1",
        "profile_url": "lnxinwen",
        "domain": "lnxinwen",
        "weihao": "",
        "gender": "m",
        "followers_count": 36004,
        "friends_count": 1100,
        "statuses_count": 2699,
        "favourites_count": 0,
        "created_at": "Mon Jul 18 00:00:00 +0800 2011",
        "following": false,
        "allow_all_act_msg": true,
        "geo_enabled": true,
        "verified": true,
        "verified_type": 3,
        "status_id": 3420514326119482,
        "allow_all_comment": true,
        "avatar_large": "http://tp2.sinaimg.cn/2255913581/180/5620026416/1",
        "verified_reason": "新浪辽宁爆料平台官方微博",
        "follow_me": false,
        "online_status": 0,
        "bi_followers_count": 788,
        "lang": "zh-cn"
    },
    {
        "id": 1401768292,
        "idstr": "1401768292",
        "screen_name": "natecui",
        "name": "natecui",
        "province": "11",
        "city": "1000",
        "location": "北京",
        "description": "",
        "url": "http://blog.sina.com.cn/natecui",
        "profile_image_url": "http://tp1.sinaimg.cn/1401768292/50/5619183079/1",
        "profile_url": "natecui",
        "domain": "natecui",
        "weihao": "",
        "gender": "m",
        "followers_count": 410,
        "friends_count": 719,
        "statuses_count": 1144,
        "favourites_count": 489,
        "created_at": "Fri Jan 15 00:00:00 +0800 2010",
        "following": false,
        "allow_all_act_msg": false,
        "geo_enabled": true,
        "verified": false,
        "verified_type": -1,
        "status_id": 3420355839928936,
        "allow_all_comment": true,
        "avatar_large": "http://tp1.sinaimg.cn/1401768292/180/5619183079/1",
        "verified_reason": "",
        "follow_me": false,
        "online_status": 0,
        "bi_followers_count": 131,
        "lang": "zh-cn"
    },
    {
        "id": 1662764887,
        "idstr": "1662764887",
        "screen_name": "摘星手010",
        "name": "摘星手010",
        "province": "11",
        "city": "5",
        "location": "北京 朝阳区",
        "description": "舆情分析师",
        "url": "",
        "profile_image_url": "http://tp4.sinaimg.cn/1662764887/50/1279885048/1",
        "profile_url": "u/1662764887",
        "domain": "",
        "weihao": "",
        "gender": "m",
        "followers_count": 11721,
        "friends_count": 491,
        "statuses_count": 1607,
        "favourites_count": 113,
        "created_at": "Sun Nov 22 00:00:00 +0800 2009",
        "following": false,
        "allow_all_act_msg": false,
        "geo_enabled": false,
        "verified": true,
        "verified_type": 0,
        "status_id": 3420499688171907,
        "allow_all_comment": true,
        "avatar_large": "http://tp4.sinaimg.cn/1662764887/180/1279885048/1",
        "verified_reason": "人民网舆情频道主编和《网络舆情》杂志执行主编",
        "follow_me": false,
        "online_status": 0,
        "bi_followers_count": 278,
        "lang": "zh-cn"
    },
    {
        "id": 2292919035,
        "idstr": "2292919035",
        "screen_name": "桃仙机场96833",
        "name": "桃仙机场96833",
        "province": "21",
        "city": "1",
        "location": "辽宁 沈阳",
        "description": "欢迎致电沈阳桃仙国际机场“96833”客服热线！为您提供24小时机票预订、航班动态查询、酒店预订、机场贵宾室、自助餐预订等服务。真诚欢迎您的来电！",
        "url": "",
        "profile_image_url": "http://tp4.sinaimg.cn/2292919035/50/5616375941/1",
        "profile_url": "tx96833",
        "domain": "tx96833",
        "weihao": "",
        "gender": "m",
        "followers_count": 289,
        "friends_count": 83,
        "statuses_count": 29,
        "favourites_count": 0,
        "created_at": "Mon Aug 08 00:00:00 +0800 2011",
        "following": false,
        "allow_all_act_msg": false,
        "geo_enabled": true,
        "verified": true,
        "verified_type": 2,
        "status_id": 3420491916283855,
        "allow_all_comment": true,
        "avatar_large": "http://tp4.sinaimg.cn/2292919035/180/5616375941/1",
        "verified_reason": "沈阳桃仙国际机场呼叫中心",
        "follow_me": false,
        "online_status": 0,
        "bi_followers_count": 4,
        "lang": "zh-cn"
    },
    {
        "id": 2371037085,
        "idstr": "2371037085",
        "screen_name": "庄子慎之",
        "name": "庄子慎之",
        "province": "44",
        "city": "1",
        "location": "广东 广州",
        "description": "本人微博所有发、转、评，仅代表个人观点，与所任职单位无关。",
        "url": "",
        "profile_image_url": "http://tp2.sinaimg.cn/2371037085/50/5611532455/1",
        "profile_url": "u/2371037085",
        "domain": "",
        "weihao": "",
        "gender": "m",
        "followers_count": 42587,
        "friends_count": 308,
        "statuses_count": 2686,
        "favourites_count": 76,
        "created_at": "Wed Sep 21 00:00:00 +0800 2011",
        "following": false,
        "allow_all_act_msg": false,
        "geo_enabled": false,
        "verified": true,
        "verified_type": 0,
        "status_id": 3420495028527825,
        "allow_all_comment": true,
        "avatar_large": "http://tp2.sinaimg.cn/2371037085/180/5611532455/1",
        "verified_reason": "南都资深媒体人",
        "follow_me": false,
        "online_status": 0,
        "bi_followers_count": 162,
        "lang": "zh-cn"
    },
    {
        "id": 1945678923,
        "idstr": "1945678923",
        "screen_name": "极阅",
        "name": "极阅",
        "province": "11",
        "city": "1000",
        "location": "北京",
        "description": "极阅：免费的ipad新浪微博杂志。Apple store免费上架： http://itunes.apple.com/cn/app/id421876134?mt=8",
        "url": "",
        "profile_image_url": "http://tp4.sinaimg.cn/1945678923/50/5624454984/1",
        "profile_url": "u/1945678923",
        "domain": "",
        "weihao": "",
        "gender": "m",
        "followers_count": 1284,
        "friends_count": 117,
        "statuses_count": 181,
        "favourites_count": 14,
        "created_at": "Tue Feb 01 00:00:00 +0800 2011",
        "following": false,
        "allow_all_act_msg": true,
        "geo_enabled": false,
        "verified": false,
        "verified_type": -1,
        "status_id": 3419957918947579,
        "allow_all_comment": true,
        "avatar_large": "http://tp4.sinaimg.cn/1945678923/180/5624454984/1",
        "verified_reason": "",
        "follow_me": false,
        "online_status": 0,
        "bi_followers_count": 36,
        "lang": "zh-cn"
    },
    {
        "id": 2151548993,
        "idstr": "2151548993",
        "screen_name": "日本新闻网微博",
        "name": "日本新闻网微博",
        "province": "400",
        "city": "15",
        "location": "海外 日本",
        "description": "日本新闻网是亚洲通讯社主办的新闻网站，总部位于日本国东京都。每日用中文报道日本最新消息。",
        "url": "http://www.ribenxinwen.com",
        "profile_image_url": "http://tp2.sinaimg.cn/2151548993/50/5601526961/1",
        "profile_url": "japan66",
        "domain": "japan66",
        "weihao": "",
        "gender": "m",
        "followers_count": 13224,
        "friends_count": 2000,
        "statuses_count": 574,
        "favourites_count": 0,
        "created_at": "Sat May 28 00:00:00 +0800 2011",
        "following": false,
        "allow_all_act_msg": false,
        "geo_enabled": true,
        "verified": true,
        "verified_type": 3,
        "status_id": 3420315646805666,
        "allow_all_comment": true,
        "avatar_large": "http://tp2.sinaimg.cn/2151548993/180/5601526961/1",
        "verified_reason": "日本新闻网是亚洲通讯社主办的新闻网站",
        "follow_me": false,
        "online_status": 0,
        "bi_followers_count": 234,
        "lang": "zh-cn"
    },
    {
        "id": 1713224381,
        "idstr": "1713224381",
        "screen_name": "Lswb1516",
        "name": "Lswb1516",
        "province": "100",
        "city": "1000",
        "location": "其他",
        "description": "",
        "url": "",
        "profile_image_url": "http://tp2.sinaimg.cn/1713224381/50/5602648506/1",
        "profile_url": "u/1713224381",
        "domain": "",
        "weihao": "",
        "gender": "m",
        "followers_count": 398,
        "friends_count": 239,
        "statuses_count": 1648,
        "favourites_count": 1,
        "created_at": "Sat Mar 20 00:00:00 +0800 2010",
        "following": false,
        "allow_all_act_msg": false,
        "geo_enabled": false,
        "verified": false,
        "verified_type": -1,
        "status_id": 3420357064686968,
        "allow_all_comment": false,
        "avatar_large": "http://tp2.sinaimg.cn/1713224381/180/5602648506/1",
        "verified_reason": "",
        "follow_me": false,
        "online_status": 0,
        "bi_followers_count": 36,
        "lang": "zh-cn"
    },
    {
        "id": 1410164524,
        "idstr": "1410164524",
        "screen_name": "范范饭",
        "name": "范范饭",
        "province": "21",
        "city": "1",
        "location": "辽宁 沈阳",
        "description": "爱美食，爱生活。",
        "url": "",
        "profile_image_url": "http://tp1.sinaimg.cn/1410164524/50/5601276105/0",
        "profile_url": "u/1410164524",
        "domain": "",
        "weihao": "",
        "gender": "f",
        "followers_count": 697,
        "friends_count": 335,
        "statuses_count": 878,
        "favourites_count": 45,
        "created_at": "Thu Dec 10 00:00:00 +0800 2009",
        "following": false,
        "allow_all_act_msg": false,
        "geo_enabled": true,
        "verified": true,
        "verified_type": 0,
        "status_id": 3420194133306153,
        "allow_all_comment": true,
        "avatar_large": "http://tp1.sinaimg.cn/1410164524/180/5601276105/0",
        "verified_reason": "辽沈晚报社会新闻部副主任范欣",
        "follow_me": false,
        "online_status": 0,
        "bi_followers_count": 186,
        "lang": "zh-cn"
    },
    {
        "id": 1726845610,
        "idstr": "1726845610",
        "screen_name": "赵永平0922",
        "name": "赵永平0922",
        "province": "21",
        "city": "1",
        "location": "辽宁 沈阳",
        "description": "平和，善良，冷静",
        "url": "",
        "profile_image_url": "http://tp3.sinaimg.cn/1726845610/50/5624757528/1",
        "profile_url": "u/1726845610",
        "domain": "",
        "weihao": "",
        "gender": "m",
        "followers_count": 512,
        "friends_count": 139,
        "statuses_count": 622,
        "favourites_count": 24,
        "created_at": "Thu Apr 08 00:00:00 +0800 2010",
        "following": false,
        "allow_all_act_msg": false,
        "geo_enabled": true,
        "verified": false,
        "verified_type": -1,
        "status_id": 3419433836459065,
        "allow_all_comment": true,
        "avatar_large": "http://tp3.sinaimg.cn/1726845610/180/5624757528/1",
        "verified_reason": "",
        "follow_me": false,
        "online_status": 0,
        "bi_followers_count": 95,
        "lang": "zh-cn"
    },
    {
        "id": 1501219265,
        "idstr": "1501219265",
        "screen_name": "演员刘超",
        "name": "演员刘超",
        "province": "11",
        "city": "1000",
        "location": "北京",
        "description": "《大宅门》中白景武，  《京华烟云》中陈原，  《警中警2》中大周……。  电影：《洋山药》中男1  号钱大路，2004年入选东 京国际数字电影节。",
        "url": "",
        "profile_image_url": "http://tp2.sinaimg.cn/1501219265/50/5624872810/1",
        "profile_url": "u/1501219265",
        "domain": "",
        "weihao": "",
        "gender": "m",
        "followers_count": 641,
        "friends_count": 1601,
        "statuses_count": 766,
        "favourites_count": 534,
        "created_at": "Tue Jul 05 00:00:00 +0800 2011",
        "following": false,
        "allow_all_act_msg": false,
        "geo_enabled": true,
        "verified": true,
        "verified_type": 0,
        "status_id": 3420303663302621,
        "allow_all_comment": true,
        "avatar_large": "http://tp2.sinaimg.cn/1501219265/180/5624872810/1",
        "verified_reason": "演员刘超  《京华烟云》 饰陈原 、《大宅门》饰白景武",
        "follow_me": false,
        "online_status": 0,
        "bi_followers_count": 522,
        "lang": "zh-cn"
    },
    {
        "id": 2122506831,
        "idstr": "2122506831",
        "screen_name": "华商晨报",
        "name": "华商晨报",
        "province": "21",
        "city": "1",
        "location": "辽宁 沈阳",
        "description": "辽沈地区发行量最大、平均阅读率最高、社会影响力最大的报纸。",
        "url": "http://www.liao1.com",
        "profile_image_url": "http://tp4.sinaimg.cn/2122506831/50/5601639677/0",
        "profile_url": "huashangchenbao",
        "domain": "huashangchenbao",
        "weihao": "",
        "gender": "f",
        "followers_count": 222031,
        "friends_count": 113,
        "statuses_count": 7898,
        "favourites_count": 51,
        "created_at": "Fri May 06 00:00:00 +0800 2011",
        "following": false,
        "allow_all_act_msg": true,
        "geo_enabled": true,
        "verified": true,
        "verified_type": 3,
        "status_id": 3420517811705214,
        "allow_all_comment": true,
        "avatar_large": "http://tp4.sinaimg.cn/2122506831/180/5601639677/0",
        "verified_reason": "《华商晨报》官方微博",
        "follow_me": false,
        "online_status": 0,
        "bi_followers_count": 56,
        "lang": "zh-cn"
    },
    {
        "id": 2136294314,
        "idstr": "2136294314",
        "screen_name": "我是伊敏",
        "name": "我是伊敏",
        "province": "81",
        "city": "1000",
        "location": "香港",
        "description": "快樂是此時，此地。",
        "url": "",
        "profile_image_url": "http://tp3.sinaimg.cn/2136294314/50/5625933357/0",
        "profile_url": "u/2136294314",
        "domain": "",
        "weihao": "",
        "gender": "f",
        "followers_count": 1073,
        "friends_count": 662,
        "statuses_count": 451,
        "favourites_count": 8,
        "created_at": "Fri May 06 00:00:00 +0800 2011",
        "following": false,
        "allow_all_act_msg": false,
        "geo_enabled": true,
        "verified": true,
        "verified_type": 0,
        "status_id": 3420284252452668,
        "allow_all_comment": true,
        "avatar_large": "http://tp3.sinaimg.cn/2136294314/180/5625933357/0",
        "verified_reason": "香港明报周刊Book B专题组记者",
        "follow_me": false,
        "online_status": 0,
        "bi_followers_count": 236,
        "lang": "zh-cn"
    },
    {
        "id": 1192450902,
        "idstr": "1192450902",
        "screen_name": "许骥",
        "name": "许骥",
        "province": "81",
        "city": "3",
        "location": "香港 东区",
        "description": "我愛紫荊花開在全中國。出書三種：《同胞，請淡定》、《書評人可以歇歇了》、《陳紀滢文存》（編）。工作郵箱：kirwin.kwok@gmail.com",
        "url": "http://blog.sina.com.cn/huikei",
        "profile_image_url": "http://tp3.sinaimg.cn/1192450902/50/5624970460/1",
        "profile_url": "huikei",
        "domain": "huikei",
        "weihao": "",
        "gender": "m",
        "followers_count": 17765,
        "friends_count": 492,
        "statuses_count": 939,
        "favourites_count": 2,
        "created_at": "Mon Dec 28 00:00:00 +0800 2009",
        "following": false,
        "allow_all_act_msg": true,
        "geo_enabled": false,
        "verified": true,
        "verified_type": 0,
        "status_id": 3420320495461494,
        "allow_all_comment": true,
        "avatar_large": "http://tp3.sinaimg.cn/1192450902/180/5624970460/1",
        "verified_reason": "《明報》世紀版記者，出版《同胞，請淡定》《書評人可以歇歇了》",
        "follow_me": false,
        "online_status": 0,
        "bi_followers_count": 422,
        "lang": "zh-tw"
    },
    {
        "id": 1994188831,
        "idstr": "1994188831",
        "screen_name": "嘉州莫大先生",
        "name": "嘉州莫大先生",
        "province": "11",
        "city": "1000",
        "location": "北京",
        "description": "",
        "url": "",
        "profile_image_url": "http://tp4.sinaimg.cn/1994188831/50/5624110229/1",
        "profile_url": "u/1994188831",
        "domain": "",
        "weihao": "",
        "gender": "m",
        "followers_count": 3731,
        "friends_count": 1342,
        "statuses_count": 240,
        "favourites_count": 9,
        "created_at": "Sat Feb 26 00:00:00 +0800 2011",
        "following": false,
        "allow_all_act_msg": false,
        "geo_enabled": true,
        "verified": false,
        "verified_type": -1,
        "status_id": 3420240799388217,
        "allow_all_comment": true,
        "avatar_large": "http://tp4.sinaimg.cn/1994188831/180/5624110229/1",
        "verified_reason": "",
        "follow_me": false,
        "online_status": 0,
        "bi_followers_count": 718,
        "lang": "zh-cn"
    },
    {
        "id": 1924555697,
        "idstr": "1924555697",
        "screen_name": "译品",
        "name": "译品",
        "province": "11",
        "city": "1",
        "location": "北京 东城区",
        "description": "公益杂志《译品》免费下载：http://www.zhongdaonet.com/TranslateList.aspx?id=134 欢迎加盟译品团队，尤其渴求法、德语种的译者加盟！",
        "url": "http://blog.sina.com.cn/bookreviewer",
        "profile_image_url": "http://tp2.sinaimg.cn/1924555697/50/5607092938/1",
        "profile_url": "bookreviewer",
        "domain": "bookreviewer",
        "weihao": "",
        "gender": "m",
        "followers_count": 11594,
        "friends_count": 704,
        "statuses_count": 1355,
        "favourites_count": 30,
        "created_at": "Mon Jan 17 00:00:00 +0800 2011",
        "following": false,
        "allow_all_act_msg": true,
        "geo_enabled": true,
        "verified": true,
        "verified_type": 3,
        "status_id": 3420496290758382,
        "allow_all_comment": true,
        "avatar_large": "http://tp2.sinaimg.cn/1924555697/180/5607092938/1",
        "verified_reason": "《译品》官方微博",
        "follow_me": false,
        "online_status": 0,
        "bi_followers_count": 401,
        "lang": "zh-cn"
    },
    {
        "id": 1671559121,
        "idstr": "1671559121",
        "screen_name": "主持人圆圆",
        "name": "主持人圆圆",
        "province": "53",
        "city": "1",
        "location": "云南 昆明",
        "description": "只要我喜欢......",
        "url": "http://blog.sina.com.cn/mayuanyuankitty",
        "profile_image_url": "http://tp2.sinaimg.cn/1671559121/50/5616171089/0",
        "profile_url": "u/1671559121",
        "domain": "",
        "weihao": "",
        "gender": "f",
        "followers_count": 1187,
        "friends_count": 303,
        "statuses_count": 1443,
        "favourites_count": 5,
        "created_at": "Wed Nov 03 00:00:00 +0800 2010",
        "following": false,
        "allow_all_act_msg": false,
        "geo_enabled": true,
        "verified": true,
        "verified_type": 0,
        "status_id": 3420201309784852,
        "allow_all_comment": true,
        "avatar_large": "http://tp2.sinaimg.cn/1671559121/180/5616171089/0",
        "verified_reason": "马园园 昆明广播电视台阳光频道主持人",
        "follow_me": false,
        "online_status": 0,
        "bi_followers_count": 251,
        "lang": "zh-cn"
    },
    {
        "id": 1647865744,
        "idstr": "1647865744",
        "screen_name": "东东枪",
        "name": "东东枪",
        "province": "11",
        "city": "1000",
        "location": "北京",
        "description": "一个高尚的人，一个纯粹的人，一个有道德的人，一个坚决不脱离低级趣味的人。",
        "url": "http://thisisdongdongqiang.com",
        "profile_image_url": "http://tp1.sinaimg.cn/1647865744/50/5604726200/1",
        "profile_url": "thisisdongdongqiang",
        "domain": "thisisdongdongqiang",
        "weihao": "",
        "gender": "m",
        "followers_count": 185788,
        "friends_count": 656,
        "statuses_count": 2371,
        "favourites_count": 1224,
        "created_at": "Thu Sep 17 00:00:00 +0800 2009",
        "following": false,
        "allow_all_act_msg": true,
        "geo_enabled": true,
        "verified": true,
        "verified_type": 0,
        "status_id": 3420272046967205,
        "allow_all_comment": true,
        "avatar_large": "http://tp1.sinaimg.cn/1647865744/180/5604726200/1",
        "verified_reason": "基层广告创意工作者，个体创作者，各种爱好者",
        "follow_me": false,
        "online_status": 0,
        "bi_followers_count": 441,
        "lang": "zh-cn"
    },
    {
        "id": 1446475417,
        "idstr": "1446475417",
        "screen_name": "冬眠熊2010",
        "name": "冬眠熊2010",
        "province": "11",
        "city": "1000",
        "location": "北京",
        "description": "",
        "url": "",
        "profile_image_url": "http://tp2.sinaimg.cn/1446475417/50/1291350639/1",
        "profile_url": "u/1446475417",
        "domain": "",
        "weihao": "",
        "gender": "m",
        "followers_count": 71824,
        "friends_count": 1426,
        "statuses_count": 9999,
        "favourites_count": 5820,
        "created_at": "Fri Nov 26 00:00:00 +0800 2010",
        "following": false,
        "allow_all_act_msg": false,
        "geo_enabled": false,
        "verified": true,
        "verified_type": 0,
        "status_id": 3420478830148341,
        "allow_all_comment": true,
        "avatar_large": "http://tp2.sinaimg.cn/1446475417/180/1291350639/1",
        "verified_reason": "天下公言文化传媒研究员李伟东 《中国改革》杂志社原社长",
        "follow_me": false,
        "online_status": 0,
        "bi_followers_count": 1282,
        "lang": "zh-cn"
    },
    {
        "id": 2624589645,
        "idstr": "2624589645",
        "screen_name": "阎克文四世",
        "name": "阎克文四世",
        "province": "37",
        "city": "10",
        "location": "山东 威海",
        "description": "活到第五十六个年头了，这是韦伯辞世时的岁数，本来可能去天堂给他打工，没去成，只好苟活在尘世，继续打。",
        "url": "",
        "profile_image_url": "http://tp2.sinaimg.cn/2624589645/50/5624707726/1",
        "profile_url": "u/2624589645",
        "domain": "",
        "weihao": "",
        "gender": "m",
        "followers_count": 3480,
        "friends_count": 127,
        "statuses_count": 282,
        "favourites_count": 0,
        "created_at": "Mon Feb 20 00:00:00 +0800 2012",
        "following": false,
        "allow_all_act_msg": false,
        "geo_enabled": true,
        "verified": false,
        "verified_type": -1,
        "status_id": 3420507376843575,
        "allow_all_comment": true,
        "avatar_large": "http://tp2.sinaimg.cn/2624589645/180/5624707726/1",
        "verified_reason": "",
        "follow_me": false,
        "online_status": 0,
        "bi_followers_count": 80,
        "lang": "zh-cn"
    },
    {
        "id": 1913284315,
        "idstr": "1913284315",
        "screen_name": "辽沈晚报王储",
        "name": "辽沈晚报王储",
        "province": "21",
        "city": "1000",
        "location": "辽宁",
        "description": "辽沈晚报时政部记者王储",
        "url": "",
        "profile_image_url": "http://tp4.sinaimg.cn/1913284315/50/5616334578/1",
        "profile_url": "u/1913284315",
        "domain": "",
        "weihao": "",
        "gender": "m",
        "followers_count": 593,
        "friends_count": 160,
        "statuses_count": 1299,
        "favourites_count": 40,
        "created_at": "Thu Jan 06 00:00:00 +0800 2011",
        "following": false,
        "allow_all_act_msg": false,
        "geo_enabled": true,
        "verified": false,
        "verified_type": -1,
        "status_id": 3420511788607994,
        "allow_all_comment": true,
        "avatar_large": "http://tp4.sinaimg.cn/1913284315/180/5616334578/1",
        "verified_reason": "",
        "follow_me": false,
        "online_status": 0,
        "bi_followers_count": 105,
        "lang": "zh-cn"
    },
    {
        "id": 1651427733,
        "idstr": "1651427733",
        "screen_name": "柳迦柔",
        "name": "柳迦柔",
        "province": "100",
        "city": "1000",
        "location": "其他",
        "description": "影视合作：《清明上河图》《墓中王国》、《遥望喀秋莎》《闻风丧胆》《雪耻》、《风生水起》《夫妻树》、《追踪》《老警》《女刑警队长》。",
        "url": "http://blog.sina.com.cn/liujiarou",
        "profile_image_url": "http://tp2.sinaimg.cn/1651427733/50/5615299171/0",
        "profile_url": "liujiarou",
        "domain": "liujiarou",
        "weihao": "",
        "gender": "f",
        "followers_count": 1950,
        "friends_count": 1299,
        "statuses_count": 2592,
        "favourites_count": 15,
        "created_at": "Wed Oct 28 00:00:00 +0800 2009",
        "following": false,
        "allow_all_act_msg": false,
        "geo_enabled": false,
        "verified": true,
        "verified_type": 0,
        "status_id": 3420287037238068,
        "allow_all_comment": false,
        "avatar_large": "http://tp2.sinaimg.cn/1651427733/180/5615299171/0",
        "verified_reason": "作家，已出版长篇小说《财政局长》、《女刑警队长》。",
        "follow_me": false,
        "online_status": 0,
        "bi_followers_count": 1008,
        "lang": "zh-cn"
    },
    {
        "id": 1906325803,
        "idstr": "1906325803",
        "screen_name": "虎扑篮球视频中心",
        "name": "虎扑篮球视频中心",
        "province": "31",
        "city": "1000",
        "location": "上海",
        "description": "可能是最好的篮球视频网站——虎扑视频中心(v.hoopChina.com)每日为你带来最快、最新鲜、最劲爆的篮球视频。喜欢，就记得关注哟，亲！",
        "url": "http://v.hoopchina.com/",
        "profile_image_url": "http://tp4.sinaimg.cn/1906325803/50/5620635578/0",
        "profile_url": "hcfat",
        "domain": "hcfat",
        "weihao": "",
        "gender": "f",
        "followers_count": 8700,
        "friends_count": 172,
        "statuses_count": 1479,
        "favourites_count": 0,
        "created_at": "Wed Dec 29 00:00:00 +0800 2010",
        "following": false,
        "allow_all_act_msg": false,
        "geo_enabled": true,
        "verified": true,
        "verified_type": 5,
        "status_id": 3420370457886251,
        "allow_all_comment": true,
        "avatar_large": "http://tp4.sinaimg.cn/1906325803/180/5620635578/0",
        "verified_reason": "虎扑(hoopCHINA.com)视频中心官方微博",
        "follow_me": false,
        "online_status": 0,
        "bi_followers_count": 48,
        "lang": "zh-cn"
    },
    {
        "id": 1347411011,
        "idstr": "1347411011",
        "screen_name": "杨帆51",
        "name": "杨帆51",
        "province": "11",
        "city": "1000",
        "location": "北京",
        "description": "杨帆 中国政法大学 请关注利益集团研究的新书《利益集团》",
        "url": "http://blog.sina.com.cn/yangfanjiaoshou",
        "profile_image_url": "http://tp4.sinaimg.cn/1347411011/50/5620880792/1",
        "profile_url": "yangfanjiaoshou",
        "domain": "yangfanjiaoshou",
        "weihao": "",
        "gender": "m",
        "followers_count": 11313,
        "friends_count": 70,
        "statuses_count": 2882,
        "favourites_count": 1,
        "created_at": "Thu Jun 03 00:00:00 +0800 2010",
        "following": false,
        "allow_all_act_msg": false,
        "geo_enabled": true,
        "verified": true,
        "verified_type": 0,
        "status_id": 3420515206934483,
        "allow_all_comment": false,
        "avatar_large": "http://tp4.sinaimg.cn/1347411011/180/5620880792/1",
        "verified_reason": "中国政法大学教授杨帆",
        "follow_me": false,
        "online_status": 0,
        "bi_followers_count": 57,
        "lang": "zh-cn"
    },
    {
        "id": 1437898492,
        "idstr": "1437898492",
        "screen_name": "扫帚小巫",
        "name": "扫帚小巫",
        "province": "21",
        "city": "1",
        "location": "辽宁 沈阳",
        "description": "",
        "url": "http://blog.sina.com.cn/xiaxue",
        "profile_image_url": "http://tp1.sinaimg.cn/1437898492/50/5622566857/0",
        "profile_url": "saozhouxiaowu",
        "domain": "saozhouxiaowu",
        "weihao": "",
        "gender": "f",
        "followers_count": 3746,
        "friends_count": 99,
        "statuses_count": 3486,
        "favourites_count": 27,
        "created_at": "Fri Nov 13 00:00:00 +0800 2009",
        "following": false,
        "allow_all_act_msg": false,
        "geo_enabled": false,
        "verified": true,
        "verified_type": 0,
        "status_id": 3420359942355888,
        "allow_all_comment": true,
        "avatar_large": "http://tp1.sinaimg.cn/1437898492/180/5622566857/0",
        "verified_reason": "辽沈晚报时政新闻部记者",
        "follow_me": false,
        "online_status": 0,
        "bi_followers_count": 79,
        "lang": "zh-cn"
    },
    {
        "id": 1780141905,
        "idstr": "1780141905",
        "screen_name": "辽沈YHong",
        "name": "辽沈YHong",
        "province": "21",
        "city": "1",
        "location": "辽宁 沈阳",
        "description": "",
        "url": "",
        "profile_image_url": "http://tp2.sinaimg.cn/1780141905/50/5615526822/0",
        "profile_url": "u/1780141905",
        "domain": "",
        "weihao": "",
        "gender": "f",
        "followers_count": 817,
        "friends_count": 321,
        "statuses_count": 1460,
        "favourites_count": 528,
        "created_at": "Tue Jul 20 00:00:00 +0800 2010",
        "following": false,
        "allow_all_act_msg": false,
        "geo_enabled": true,
        "verified": true,
        "verified_type": 0,
        "status_id": 3420161434784041,
        "allow_all_comment": false,
        "avatar_large": "http://tp2.sinaimg.cn/1780141905/180/5615526822/0",
        "verified_reason": "辽沈晚报时政部记者王月宏",
        "follow_me": false,
        "online_status": 0,
        "bi_followers_count": 226,
        "lang": "zh-cn"
    },
    {
        "id": 1647628757,
        "idstr": "1647628757",
        "screen_name": "OMY旮",
        "name": "OMY旮",
        "province": "21",
        "city": "1",
        "location": "辽宁 沈阳",
        "description": "辽沈晚报图片编辑不干了",
        "url": "http://blog.sina.com.cn/daxu840322",
        "profile_image_url": "http://tp2.sinaimg.cn/1647628757/50/1299925099/1",
        "profile_url": "u/1647628757",
        "domain": "",
        "weihao": "",
        "gender": "m",
        "followers_count": 774,
        "friends_count": 538,
        "statuses_count": 3437,
        "favourites_count": 31,
        "created_at": "Thu Nov 12 00:00:00 +0800 2009",
        "following": false,
        "allow_all_act_msg": false,
        "geo_enabled": true,
        "verified": true,
        "verified_type": 0,
        "status_id": 3420472047917047,
        "allow_all_comment": true,
        "avatar_large": "http://tp2.sinaimg.cn/1647628757/180/1299925099/1",
        "verified_reason": "辽沈晚报摄影部记者姜旭",
        "follow_me": false,
        "online_status": 0,
        "bi_followers_count": 155,
        "lang": "zh-cn"
    },
    {
        "id": 1286652293,
        "idstr": "1286652293",
        "screen_name": "富食",
        "name": "富食",
        "province": "21",
        "city": "1",
        "location": "辽宁 沈阳",
        "description": "放慢生活，是一种追求，每个新闻都像一片肉，看的人垂涎欲滴。",
        "url": "http://blog.sina.com.cn/fuzijianok",
        "profile_image_url": "http://tp2.sinaimg.cn/1286652293/50/5622261099/1",
        "profile_url": "u/1286652293",
        "domain": "",
        "weihao": "",
        "gender": "m",
        "followers_count": 1598,
        "friends_count": 307,
        "statuses_count": 576,
        "favourites_count": 2,
        "created_at": "Tue Jan 18 00:00:00 +0800 2011",
        "following": false,
        "allow_all_act_msg": false,
        "geo_enabled": true,
        "verified": true,
        "verified_type": 0,
        "status_id": 3420487256728364,
        "allow_all_comment": true,
        "avatar_large": "http://tp2.sinaimg.cn/1286652293/180/5622261099/1",
        "verified_reason": "辽沈晚报记者",
        "follow_me": false,
        "online_status": 0,
        "bi_followers_count": 77,
        "lang": "zh-cn"
    },
    {
        "id": 1880273303,
        "idstr": "1880273303",
        "screen_name": "瓷-娃-娃-以琳",
        "name": "瓷-娃-娃-以琳",
        "province": "21",
        "city": "1",
        "location": "辽宁 沈阳",
        "description": "一生去守护炫~~~我爱秋瓷炫~不离不弃，橙子爱炫姐……",
        "url": "http://103328393.5d6d.com/bbs.php",
        "profile_image_url": "http://tp4.sinaimg.cn/1880273303/50/5624368511/0",
        "profile_url": "u/1880273303",
        "domain": "",
        "weihao": "",
        "gender": "f",
        "followers_count": 1105,
        "friends_count": 736,
        "statuses_count": 2252,
        "favourites_count": 8,
        "created_at": "Thu Dec 02 00:00:00 +0800 2010",
        "following": false,
        "allow_all_act_msg": false,
        "geo_enabled": true,
        "verified": true,
        "verified_type": 0,
        "status_id": 3420409397516295,
        "allow_all_comment": false,
        "avatar_large": "http://tp4.sinaimg.cn/1880273303/180/5624368511/0",
        "verified_reason": "《时尚生活导报》美编张成成",
        "follow_me": false,
        "online_status": 0,
        "bi_followers_count": 270,
        "lang": "zh-cn"
    },
    {
        "id": 1806863053,
        "idstr": "1806863053",
        "screen_name": "天玲玲--地玲玲",
        "name": "天玲玲--地玲玲",
        "province": "21",
        "city": "1",
        "location": "辽宁 沈阳",
        "description": "少抒发。多转发。",
        "url": "",
        "profile_image_url": "http://tp2.sinaimg.cn/1806863053/50/1297501837/0",
        "profile_url": "u/1806863053",
        "domain": "",
        "weihao": "",
        "gender": "f",
        "followers_count": 226,
        "friends_count": 234,
        "statuses_count": 382,
        "favourites_count": 20,
        "created_at": "Tue Aug 31 00:00:00 +0800 2010",
        "following": false,
        "allow_all_act_msg": false,
        "geo_enabled": true,
        "verified": true,
        "verified_type": 0,
        "status_id": 3420193126397021,
        "allow_all_comment": true,
        "avatar_large": "http://tp2.sinaimg.cn/1806863053/180/1297501837/0",
        "verified_reason": "辽沈晚报经济部记者赵玲玲",
        "follow_me": false,
        "online_status": 0,
        "bi_followers_count": 80,
        "lang": "zh-cn"
    },
    {
        "id": 1255805331,
        "idstr": "1255805331",
        "screen_name": "辽沈粉小碎",
        "name": "辽沈粉小碎",
        "province": "21",
        "city": "1",
        "location": "辽宁 沈阳",
        "description": "我爸我妈说“粉小碎”这个名字，像旧社会的失足女青年，你们觉得像吗？我觉得不像，粉碎一个旧世界，打造一个新世界，要从小处做起，从粉小碎做起！",
        "url": "",
        "profile_image_url": "http://tp4.sinaimg.cn/1255805331/50/1297166166/0",
        "profile_url": "u/1255805331",
        "domain": "",
        "weihao": "",
        "gender": "f",
        "followers_count": 380,
        "friends_count": 443,
        "statuses_count": 229,
        "favourites_count": 35,
        "created_at": "Thu Oct 07 00:00:00 +0800 2010",
        "following": false,
        "allow_all_act_msg": false,
        "geo_enabled": true,
        "verified": false,
        "verified_type": -1,
        "status_id": 3420500582099041,
        "allow_all_comment": true,
        "avatar_large": "http://tp4.sinaimg.cn/1255805331/180/1297166166/0",
        "verified_reason": "",
        "follow_me": false,
        "online_status": 0,
        "bi_followers_count": 119,
        "lang": "zh-cn"
    },
    {
        "id": 1774817431,
        "idstr": "1774817431",
        "screen_name": "辽沈晚报曹洋",
        "name": "辽沈晚报曹洋",
        "province": "21",
        "city": "1",
        "location": "辽宁 沈阳",
        "description": "《辽沈晚报》经济新闻记者，主要负责商业领域。",
        "url": "http://blog.sina.com.cn/barthomeloi",
        "profile_image_url": "http://tp4.sinaimg.cn/1774817431/50/1296026577/1",
        "profile_url": "barthomeloi",
        "domain": "barthomeloi",
        "weihao": "",
        "gender": "m",
        "followers_count": 367,
        "friends_count": 207,
        "statuses_count": 121,
        "favourites_count": 0,
        "created_at": "Wed Jul 14 00:00:00 +0800 2010",
        "following": false,
        "allow_all_act_msg": true,
        "geo_enabled": false,
        "verified": true,
        "verified_type": 0,
        "status_id": 3418695323919500,
        "allow_all_comment": true,
        "avatar_large": "http://tp4.sinaimg.cn/1774817431/180/1296026577/1",
        "verified_reason": "《辽沈晚报》资深经济记者，主要负责商业领域。",
        "follow_me": false,
        "online_status": 0,
        "bi_followers_count": 101,
        "lang": "zh-cn"
    },
    {
        "id": 1716675535,
        "idstr": "1716675535",
        "screen_name": "御小兰",
        "name": "御小兰",
        "province": "21",
        "city": "1",
        "location": "辽宁 沈阳",
        "description": "情绪指导，请勿深究",
        "url": "http://blog.sina.com.cn/nightroseyu",
        "profile_image_url": "http://tp4.sinaimg.cn/1716675535/50/5623943957/0",
        "profile_url": "lxynightrose",
        "domain": "lxynightrose",
        "weihao": "",
        "gender": "f",
        "followers_count": 600,
        "friends_count": 275,
        "statuses_count": 1389,
        "favourites_count": 23,
        "created_at": "Sat Sep 04 00:00:00 +0800 2010",
        "following": false,
        "allow_all_act_msg": false,
        "geo_enabled": true,
        "verified": true,
        "verified_type": 0,
        "status_id": 3420327511917051,
        "allow_all_comment": true,
        "avatar_large": "http://tp4.sinaimg.cn/1716675535/180/5623943957/0",
        "verified_reason": "辽沈晚报民生部记者",
        "follow_me": false,
        "online_status": 0,
        "bi_followers_count": 182,
        "lang": "zh-cn"
    },
    {
        "id": 1421176987,
        "idstr": "1421176987",
        "screen_name": "辽晚凡羔",
        "name": "辽晚凡羔",
        "province": "21",
        "city": "1",
        "location": "辽宁 沈阳",
        "description": "美儿编儿，只美框内的事儿~",
        "url": "",
        "profile_image_url": "http://tp4.sinaimg.cn/1421176987/50/5605445055/0",
        "profile_url": "u/1421176987",
        "domain": "",
        "weihao": "",
        "gender": "f",
        "followers_count": 224,
        "friends_count": 191,
        "statuses_count": 269,
        "favourites_count": 4,
        "created_at": "Thu Feb 24 00:00:00 +0800 2011",
        "following": false,
        "allow_all_act_msg": false,
        "geo_enabled": false,
        "verified": false,
        "verified_type": -1,
        "status_id": 3420292930428182,
        "allow_all_comment": true,
        "avatar_large": "http://tp4.sinaimg.cn/1421176987/180/5605445055/0",
        "verified_reason": "",
        "follow_me": false,
        "online_status": 0,
        "bi_followers_count": 0,
        "lang": "zh-cn"
    }],
    "next_cursor": 50,
    "previous_cursor": 0,
    "total_number": 1243
}