{
    "statuses": [{
        "created_at": "Fri Mar 02 04:29:09 +0800 2012",
        "id": 3418988106843667,
        "mid": "3418988106843667",
        "idstr": "3418988106843667",
        "text": " //@陈劲松: 今年两会只要解决这个问题，本届政府可完美收官！",
        "source": "<a href=\"http://m.weibo.com/web/cellphone.php#ipad\" rel=\"nofollow\">iPad客户端</a>",
        "favorited": false,
        "truncated": false,
        "in_reply_to_status_id": "",
        "in_reply_to_user_id": "",
        "in_reply_to_screen_name": "",
        "geo": null,
        "user": {
            "id": 1813080181,
            "idstr": "1813080181",
            "screen_name": "薛蛮子",
            "name": "薛蛮子",
            "province": "11",
            "city": "5",
            "location": "北京 朝阳区",
            "description": "天使投资人薛蛮子 商业计划书请发信箱charlesxuesub@gmail.com",
            "url": "",
            "profile_image_url": "http://tp2.sinaimg.cn/1813080181/50/5615039894/1",
            "profile_url": "charlesxue",
            "domain": "charlesxue",
            "weihao": "",
            "gender": "m",
            "followers_count": 1962297,
            "friends_count": 1456,
            "statuses_count": 36193,
            "favourites_count": 823,
            "created_at": "Mon Sep 06 00:00:00 +0800 2010",
            "following": true,
            "allow_all_act_msg": true,
            "geo_enabled": true,
            "verified": true,
            "verified_type": 0,
            "remark": "",
            "allow_all_comment": true,
            "avatar_large": "http://tp2.sinaimg.cn/1813080181/180/5615039894/1",
            "verified_reason": "天使投资人、微博打拐发起人之一",
            "follow_me": false,
            "online_status": 1,
            "bi_followers_count": 1177,
            "lang": "zh-cn"
        },
        "retweeted_status": {
            "created_at": "Thu Mar 01 22:07:27 +0800 2012",
            "id": 3418892053338620,
            "mid": "3418892053338620",
            "idstr": "3418892053338620",
            "text": "【减税是当务之急】李剑阁@财新网:大幅度大范围减税不仅是当务之急，而且力所能及。过去十年财政收入年年大幅度超过年初预算。允许政府巨额超收，超收部分又可以自由支配，从国家法度上值得推敲。应尽早修订并严肃执行《预算法》，用法律形式限制政府的收税权力。建议规定扣除CPI后税收的增收幅度",
            "source": "<a href=\"http://weibo.com\" rel=\"nofollow\">新浪微博</a>",
            "favorited": false,
            "truncated": false,
            "in_reply_to_status_id": "",
            "in_reply_to_user_id": "",
            "in_reply_to_screen_name": "",
            "thumbnail_pic": "http://ww4.sinaimg.cn/thumbnail/709b1d0etw1dqknfmt850j.jpg",
            "bmiddle_pic": "http://ww4.sinaimg.cn/bmiddle/709b1d0etw1dqknfmt850j.jpg",
            "original_pic": "http://ww4.sinaimg.cn/large/709b1d0etw1dqknfmt850j.jpg",
            "geo": null,
            "user": {
                "id": 1889213710,
                "idstr": "1889213710",
                "screen_name": "刘胜军改革",
                "name": "刘胜军改革",
                "province": "31",
                "city": "1000",
                "location": "上海",
                "description": "中欧陆家嘴国际金融研究院副院长，畅销书《谁伤了你的幸福》作者，上海证券报、第一财经日报、FT中文网、财新网专栏作家",
                "url": "",
                "profile_image_url": "http://tp3.sinaimg.cn/1889213710/50/5624669762/1",
                "profile_url": "u/1889213710",
                "domain": "",
                "weihao": "",
                "gender": "m",
                "followers_count": 114146,
                "friends_count": 392,
                "statuses_count": 9859,
                "favourites_count": 7,
                "created_at": "Sun Dec 05 00:00:00 +0800 2010",
                "following": false,
                "allow_all_act_msg": false,
                "geo_enabled": true,
                "verified": true,
                "verified_type": 0,
                "remark": "",
                "allow_all_comment": true,
                "avatar_large": "http://tp3.sinaimg.cn/1889213710/180/5624669762/1",
                "verified_reason": "中欧陆家嘴国际金融研究院副院长刘胜军",
                "follow_me": false,
                "online_status": 1,
                "bi_followers_count": 268,
                "lang": "zh-cn"
            },
            "reposts_count": 123,
            "comments_count": 23,
            "mlevel": 0,
            "visible": {
                "type": 0,
                "list_id": 0
            }
        },
        "reposts_count": 1,
        "comments_count": 4,
        "mlevel": 0,
        "visible": {
            "type": 0,
            "list_id": 0
        }
    },
    {
        "created_at": "Fri Mar 02 04:28:35 +0800 2012",
        "id": 3418987964237199,
        "mid": "3418987964237199",
        "idstr": "3418987964237199",
        "text": " //@善养浩然: 没收过两千以上的官员有吗?//@李天时:今日立法会，议员陈伟业反问特首，前公务员收2000元月饼券被判囚36个月；前退休警长在澳门免费住宿被判囚15个月，罚两万员。他斥特首「为何不引咎辞职」，乃「香港第一贪官」。--怎么看都像是评先进。",
        "source": "<a href=\"http://m.weibo.com/web/cellphone.php#ipad\" rel=\"nofollow\">iPad客户端</a>",
        "favorited": false,
        "truncated": false,
        "in_reply_to_status_id": "",
        "in_reply_to_user_id": "",
        "in_reply_to_screen_name": "",
        "geo": null,
        "user": {
            "id": 1813080181,
            "idstr": "1813080181",
            "screen_name": "薛蛮子",
            "name": "薛蛮子",
            "province": "11",
            "city": "5",
            "location": "北京 朝阳区",
            "description": "天使投资人薛蛮子 商业计划书请发信箱charlesxuesub@gmail.com",
            "url": "",
            "profile_image_url": "http://tp2.sinaimg.cn/1813080181/50/5615039894/1",
            "profile_url": "charlesxue",
            "domain": "charlesxue",
            "weihao": "",
            "gender": "m",
            "followers_count": 1962297,
            "friends_count": 1456,
            "statuses_count": 36193,
            "favourites_count": 823,
            "created_at": "Mon Sep 06 00:00:00 +0800 2010",
            "following": true,
            "allow_all_act_msg": true,
            "geo_enabled": true,
            "verified": true,
            "verified_type": 0,
            "remark": "",
            "allow_all_comment": true,
            "avatar_large": "http://tp2.sinaimg.cn/1813080181/180/5615039894/1",
            "verified_reason": "天使投资人、微博打拐发起人之一",
            "follow_me": false,
            "online_status": 1,
            "bi_followers_count": 1177,
            "lang": "zh-cn"
        },
        "retweeted_status": {
            "created_at": "Thu Mar 01 08:56:44 +0800 2012",
            "id": 3418693058881285,
            "mid": "3418693058881285",
            "idstr": "3418693058881285",
            "text": "全港通缉曾荫权:民众讥其为香港阿扁,港府首贪.廉政公署介入,如果怀疑特首触犯《防止贿赂条例》，可转交律政司;如果有1/4议员联合动议及经立法会通过，可交由终审法院调查，有足够证据即可以提出弹劾，报请中央政府决定。评:最后一个程序,充满想象.",
            "source": "<a href=\"http://weibo.com\" rel=\"nofollow\">新浪微博</a>",
            "favorited": false,
            "truncated": false,
            "in_reply_to_status_id": "",
            "in_reply_to_user_id": "",
            "in_reply_to_screen_name": "",
            "thumbnail_pic": "http://ww2.sinaimg.cn/thumbnail/46ecd763tw1dqk0ayjmjoj.jpg",
            "bmiddle_pic": "http://ww2.sinaimg.cn/bmiddle/46ecd763tw1dqk0ayjmjoj.jpg",
            "original_pic": "http://ww2.sinaimg.cn/large/46ecd763tw1dqk0ayjmjoj.jpg",
            "geo": null,
            "user": {
                "id": 1189926755,
                "idstr": "1189926755",
                "screen_name": "李天时",
                "name": "李天时",
                "province": "21",
                "city": "1",
                "location": "辽宁 沈阳",
                "description": "日拱一卒。工作邮箱：litianshi@vip.sina.com。",
                "url": "http://blog.sina.com.cn/xiaosiyu",
                "profile_image_url": "http://tp4.sinaimg.cn/1189926755/50/5610515312/1",
                "profile_url": "u/1189926755",
                "domain": "",
                "weihao": "",
                "gender": "m",
                "followers_count": 38868,
                "friends_count": 1239,
                "statuses_count": 7818,
                "favourites_count": 820,
                "created_at": "Fri Aug 28 00:00:00 +0800 2009",
                "following": false,
                "allow_all_act_msg": false,
                "geo_enabled": true,
                "verified": false,
                "verified_type": -1,
                "remark": "",
                "allow_all_comment": true,
                "avatar_large": "http://tp4.sinaimg.cn/1189926755/180/5610515312/1",
                "verified_reason": "",
                "follow_me": false,
                "online_status": 1,
                "bi_followers_count": 1006,
                "lang": "zh-cn"
            },
            "reposts_count": 491,
            "comments_count": 124,
            "mlevel": 0,
            "visible": {
                "type": 0,
                "list_id": 0
            }
        },
        "reposts_count": 5,
        "comments_count": 5,
        "mlevel": 0,
        "visible": {
            "type": 0,
            "list_id": 0
        }
    },
    {
        "created_at": "Fri Mar 02 04:25:41 +0800 2012",
        "id": 3418987239036267,
        "mid": "3418987239036267",
        "idstr": "3418987239036267",
        "text": " //@张黎刚: 人贩子应该天诛地灭！//@阜外医院孙宏涛:转发微博",
        "source": "<a href=\"http://m.weibo.com/web/cellphone.php#ipad\" rel=\"nofollow\">iPad客户端</a>",
        "favorited": false,
        "truncated": false,
        "in_reply_to_status_id": "",
        "in_reply_to_user_id": "",
        "in_reply_to_screen_name": "",
        "geo": null,
        "user": {
            "id": 1813080181,
            "idstr": "1813080181",
            "screen_name": "薛蛮子",
            "name": "薛蛮子",
            "province": "11",
            "city": "5",
            "location": "北京 朝阳区",
            "description": "天使投资人薛蛮子 商业计划书请发信箱charlesxuesub@gmail.com",
            "url": "",
            "profile_image_url": "http://tp2.sinaimg.cn/1813080181/50/5615039894/1",
            "profile_url": "charlesxue",
            "domain": "charlesxue",
            "weihao": "",
            "gender": "m",
            "followers_count": 1962297,
            "friends_count": 1456,
            "statuses_count": 36193,
            "favourites_count": 823,
            "created_at": "Mon Sep 06 00:00:00 +0800 2010",
            "following": true,
            "allow_all_act_msg": true,
            "geo_enabled": true,
            "verified": true,
            "verified_type": 0,
            "remark": "",
            "allow_all_comment": true,
            "avatar_large": "http://tp2.sinaimg.cn/1813080181/180/5615039894/1",
            "verified_reason": "天使投资人、微博打拐发起人之一",
            "follow_me": false,
            "online_status": 1,
            "bi_followers_count": 1177,
            "lang": "zh-cn"
        },
        "retweeted_status": {
            "created_at": "Thu Mar 01 15:57:29 +0800 2012",
            "id": 3418798943018733,
            "mid": "3418798943018733",
            "idstr": "3418798943018733",
            "text": "//@濠阳小筑: 周萌萌，6岁半。于2011年1月31日在四川省彭州市被拐。希望通过微博网络得到更多信息。若有线索请马上联系萌萌爸爸13962672031。多转发一次多一份希望! - 原文地址：http://t.cn/zOqShFf",
            "source": "<a href=\"http://q.weibo.com/\" rel=\"nofollow\">新浪微群</a>",
            "favorited": false,
            "truncated": false,
            "in_reply_to_status_id": "",
            "in_reply_to_user_id": "",
            "in_reply_to_screen_name": "",
            "thumbnail_pic": "http://ww1.sinaimg.cn/thumbnail/74c94113gw1dqk9h7ejo1j.jpg",
            "bmiddle_pic": "http://ww1.sinaimg.cn/bmiddle/74c94113gw1dqk9h7ejo1j.jpg",
            "original_pic": "http://ww1.sinaimg.cn/large/74c94113gw1dqk9h7ejo1j.jpg",
            "geo": null,
            "user": {
                "id": 2348030341,
                "idstr": "2348030341",
                "screen_name": "树的精",
                "name": "树的精",
                "province": "11",
                "city": "8",
                "location": "北京 海淀区",
                "description": "古老的*树* 万灵的*精* 慈悲的*心* 隽永的*气* 不灭的*神*",
                "url": "",
                "profile_image_url": "http://tp2.sinaimg.cn/2348030341/50/5625577749/0",
                "profile_url": "seeseaseason",
                "domain": "seeseaseason",
                "weihao": "",
                "gender": "f",
                "followers_count": 21,
                "friends_count": 53,
                "statuses_count": 101,
                "favourites_count": 0,
                "created_at": "Thu Sep 08 00:00:00 +0800 2011",
                "following": false,
                "allow_all_act_msg": true,
                "geo_enabled": true,
                "verified": false,
                "verified_type": -1,
                "remark": "",
                "allow_all_comment": true,
                "avatar_large": "http://tp2.sinaimg.cn/2348030341/180/5625577749/0",
                "verified_reason": "",
                "follow_me": false,
                "online_status": 1,
                "bi_followers_count": 16,
                "lang": "zh-cn"
            },
            "annotations": [{
                "id": "128844",
                "appid": 49,
                "name": "70年代",
                "title": "70年代",
                "url": "http://q.weibo.com/128844?source=weibosource",
                "skey": "",
                "server_ip": "10.75.11.88"
            }],
            "reposts_count": 103,
            "comments_count": 11,
            "mlevel": 0,
            "visible": {
                "type": 0,
                "list_id": 0
            }
        },
        "reposts_count": 44,
        "comments_count": 21,
        "mlevel": 0,
        "visible": {
            "type": 0,
            "list_id": 0
        }
    },
    {
        "created_at": "Fri Mar 02 04:00:16 +0800 2012",
        "id": 3418980838588858,
        "mid": "3418980838588858",
        "idstr": "3418980838588858",
        "text": "Jaco Pretorius: Comment Ruby code with Vim <http://t.cn/zOqueCC >",
        "source": "<a href=\"\" rel=\"nofollow\">未通过审核应用</a>",
        "favorited": false,
        "truncated": false,
        "in_reply_to_status_id": "",
        "in_reply_to_user_id": "",
        "in_reply_to_screen_name": "",
        "geo": null,
        "user": {
            "id": 1836861825,
            "idstr": "1836861825",
            "screen_name": "XiaoshenW",
            "name": "XiaoshenW",
            "province": "11",
            "city": "1",
            "location": "北京 东城区",
            "description": "偏执狂才能生存",
            "url": "",
            "profile_image_url": "http://tp2.sinaimg.cn/1836861825/50/5624521437/0",
            "profile_url": "u/1836861825",
            "domain": "",
            "weihao": "",
            "gender": "f",
            "followers_count": 917,
            "friends_count": 396,
            "statuses_count": 3072,
            "favourites_count": 10,
            "created_at": "Sat Oct 23 00:00:00 +0800 2010",
            "following": true,
            "allow_all_act_msg": false,
            "geo_enabled": true,
            "verified": true,
            "verified_type": 0,
            "remark": "",
            "allow_all_comment": true,
            "avatar_large": "http://tp2.sinaimg.cn/1836861825/180/5624521437/0",
            "verified_reason": "ThoughtWorks业务分析师 王效珅",
            "follow_me": true,
            "online_status": 0,
            "bi_followers_count": 259,
            "lang": "zh-cn"
        },
        "reposts_count": 0,
        "comments_count": 0,
        "mlevel": 0,
        "visible": {
            "type": 0,
            "list_id": 0
        }
    },
    {
        "created_at": "Fri Mar 02 03:02:34 +0800 2012",
        "id": 3418966317412176,
        "mid": "3418966317412176",
        "idstr": "3418966317412176",
        "text": "一句话证明这句话不是代笔。",
        "source": "<a href=\"http://m.weibo.com/web/cellphone.php#ipad\" rel=\"nofollow\">iPad客户端</a>",
        "favorited": false,
        "truncated": false,
        "in_reply_to_status_id": "",
        "in_reply_to_user_id": "",
        "in_reply_to_screen_name": "",
        "geo": null,
        "user": {
            "id": 1642316384,
            "idstr": "1642316384",
            "screen_name": "刘江CE",
            "name": "刘江CE",
            "province": "11",
            "city": "1000",
            "location": "北京",
            "description": "CSDN与《程序员》总编。图灵公司创始人。关注软件研发，技术营销，技术影响力。 blog： http://blog.csdn.net/liujiangCE。Twitter：@turingbook",
            "url": "http://blog.csdn.net/liujiangCE",
            "profile_image_url": "http://tp1.sinaimg.cn/1642316384/50/1279882927/1",
            "profile_url": "turingbook",
            "domain": "turingbook",
            "weihao": "",
            "gender": "m",
            "followers_count": 56298,
            "friends_count": 1321,
            "statuses_count": 3517,
            "favourites_count": 1311,
            "created_at": "Thu Aug 27 00:00:00 +0800 2009",
            "following": true,
            "allow_all_act_msg": false,
            "geo_enabled": false,
            "verified": true,
            "verified_type": 0,
            "remark": "",
            "allow_all_comment": true,
            "avatar_large": "http://tp1.sinaimg.cn/1642316384/180/1279882927/1",
            "verified_reason": "CSDN和图灵公司总编刘江",
            "follow_me": false,
            "online_status": 1,
            "bi_followers_count": 737,
            "lang": "zh-cn"
        },
        "reposts_count": 0,
        "comments_count": 5,
        "mlevel": 0,
        "visible": {
            "type": 0,
            "list_id": 0
        }
    },
    {
        "created_at": "Fri Mar 02 02:33:32 +0800 2012",
        "id": 3418959011337975,
        "mid": "3418959011337975",
        "idstr": "3418959011337975",
        "text": "挺感人的。同意这句“女生戴上口罩后只露出两只眼睛会显得更加好看”。",
        "source": "<a href=\"http://m.weibo.com/web/cellphone.php#ipad\" rel=\"nofollow\">iPad客户端</a>",
        "favorited": false,
        "truncated": false,
        "in_reply_to_status_id": "",
        "in_reply_to_user_id": "",
        "in_reply_to_screen_name": "",
        "geo": null,
        "user": {
            "id": 1642316384,
            "idstr": "1642316384",
            "screen_name": "刘江CE",
            "name": "刘江CE",
            "province": "11",
            "city": "1000",
            "location": "北京",
            "description": "CSDN与《程序员》总编。图灵公司创始人。关注软件研发，技术营销，技术影响力。 blog： http://blog.csdn.net/liujiangCE。Twitter：@turingbook",
            "url": "http://blog.csdn.net/liujiangCE",
            "profile_image_url": "http://tp1.sinaimg.cn/1642316384/50/1279882927/1",
            "profile_url": "turingbook",
            "domain": "turingbook",
            "weihao": "",
            "gender": "m",
            "followers_count": 56298,
            "friends_count": 1321,
            "statuses_count": 3517,
            "favourites_count": 1311,
            "created_at": "Thu Aug 27 00:00:00 +0800 2009",
            "following": true,
            "allow_all_act_msg": false,
            "geo_enabled": false,
            "verified": true,
            "verified_type": 0,
            "remark": "",
            "allow_all_comment": true,
            "avatar_large": "http://tp1.sinaimg.cn/1642316384/180/1279882927/1",
            "verified_reason": "CSDN和图灵公司总编刘江",
            "follow_me": false,
            "online_status": 1,
            "bi_followers_count": 737,
            "lang": "zh-cn"
        },
        "retweeted_status": {
            "created_at": "Thu Mar 01 09:56:52 +0800 2012",
            "id": 3418708192046567,
            "mid": "3418708192046567",
            "idstr": "3418708192046567",
            "text": "《我想陪你去麦加》（小说） http://t.cn/zOqMwD8",
            "source": "<a href=\"http://www.caixin.com\" rel=\"nofollow\">财新网</a>",
            "favorited": false,
            "truncated": false,
            "in_reply_to_status_id": "",
            "in_reply_to_user_id": "",
            "in_reply_to_screen_name": "",
            "geo": null,
            "user": {
                "id": 1198442164,
                "idstr": "1198442164",
                "screen_name": "简直",
                "name": "简直",
                "province": "11",
                "city": "9",
                "location": "北京 门头沟区",
                "description": "乃至童子戏。 聚沙为佛塔。",
                "url": "http://jianzhi.blog.caixin.com",
                "profile_image_url": "http://tp1.sinaimg.cn/1198442164/50/5619557218/1",
                "profile_url": "jianz",
                "domain": "jianz",
                "weihao": "",
                "gender": "m",
                "followers_count": 51661,
                "friends_count": 0,
                "statuses_count": 50,
                "favourites_count": 0,
                "created_at": "Fri Oct 30 00:00:00 +0800 2009",
                "following": false,
                "allow_all_act_msg": true,
                "geo_enabled": false,
                "verified": true,
                "verified_type": 0,
                "remark": "",
                "allow_all_comment": true,
                "avatar_large": "http://tp1.sinaimg.cn/1198442164/180/5619557218/1",
                "verified_reason": "职业投资人",
                "follow_me": false,
                "online_status": 0,
                "bi_followers_count": 0,
                "lang": "zh-cn"
            },
            "reposts_count": 501,
            "comments_count": 168,
            "mlevel": 0,
            "visible": {
                "type": 0,
                "list_id": 0
            }
        },
        "reposts_count": 1,
        "comments_count": 0,
        "mlevel": 0,
        "visible": {
            "type": 0,
            "list_id": 0
        }
    },
    {
        "created_at": "Fri Mar 02 02:14:11 +0800 2012",
        "id": 3418954141329277,
        "mid": "3418954141329277",
        "idstr": "3418954141329277",
        "text": "我的公开课目前规划：三月/非技术人的技术课（for 投资经理/IT记者）/2.5H；四月/超亢奋的 PPT 设计（for 市场营销人员）/2.5H；五月/函数式编程（for 程序员）/2.5H；六月/非技术人的技术课（for 产品经理/UED）/2.5H ... 每个月在此微博公布报名信息。 [呵呵]",
        "source": "<a href=\"http://weibo.com\" rel=\"nofollow\">新浪微博</a>",
        "favorited": false,
        "truncated": false,
        "in_reply_to_status_id": "",
        "in_reply_to_user_id": "",
        "in_reply_to_screen_name": "",
        "geo": null,
        "user": {
            "id": 1614282004,
            "idstr": "1614282004",
            "screen_name": "蔡学镛",
            "name": "蔡学镛",
            "province": "11",
            "city": "8",
            "location": "北京 海淀区",
            "description": "来自台湾，现任职于北京【创新工场】。电邮 JerryTsai1218(at)Gmail.Com",
            "url": "",
            "profile_image_url": "http://tp1.sinaimg.cn/1614282004/50/5601048578/1",
            "profile_url": "rebol",
            "domain": "rebol",
            "weihao": "",
            "gender": "m",
            "followers_count": 54529,
            "friends_count": 90,
            "statuses_count": 2660,
            "favourites_count": 3,
            "created_at": "Mon Aug 09 00:00:00 +0800 2010",
            "following": true,
            "allow_all_act_msg": false,
            "geo_enabled": false,
            "verified": true,
            "verified_type": 0,
            "remark": "",
            "allow_all_comment": true,
            "avatar_large": "http://tp1.sinaimg.cn/1614282004/180/5601048578/1",
            "verified_reason": "《Java夜未眠》作者、创新工场首席布道师",
            "follow_me": false,
            "online_status": 1,
            "bi_followers_count": 80,
            "lang": "zh-cn"
        },
        "reposts_count": 6,
        "comments_count": 28,
        "mlevel": 0,
        "visible": {
            "type": 0,
            "list_id": 0
        }
    },
    {
        "created_at": "Fri Mar 02 00:56:18 +0800 2012",
        "id": 3418934537743473,
        "mid": "3418934537743473",
        "idstr": "3418934537743473",
        "text": "想妈妈",
        "source": "<a href=\"http://www.xiaomi.com\" rel=\"nofollow\">小米手机</a>",
        "favorited": false,
        "truncated": false,
        "in_reply_to_status_id": "",
        "in_reply_to_user_id": "",
        "in_reply_to_screen_name": "",
        "geo": null,
        "user": {
            "id": 1730692772,
            "idstr": "1730692772",
            "screen_name": "v陈小光v",
            "name": "v陈小光v",
            "province": "11",
            "city": "5",
            "location": "北京 朝阳区",
            "description": "@腾讯.互联网从业4年,热情,爱好数学美食.广交良友,爱分享~独立之思想，自由之精神。本微博内容仅代表个人之观点或转载，跟公司无任何关系！",
            "url": "",
            "profile_image_url": "http://tp1.sinaimg.cn/1730692772/50/5621649450/1",
            "profile_url": "cxg2011",
            "domain": "cxg2011",
            "weihao": "",
            "gender": "m",
            "followers_count": 13884,
            "friends_count": 487,
            "statuses_count": 687,
            "favourites_count": 47,
            "created_at": "Fri Apr 16 00:00:00 +0800 2010",
            "following": true,
            "allow_all_act_msg": false,
            "geo_enabled": true,
            "verified": false,
            "verified_type": 220,
            "remark": "",
            "allow_all_comment": false,
            "avatar_large": "http://tp1.sinaimg.cn/1730692772/180/5621649450/1",
            "verified_reason": "",
            "follow_me": false,
            "online_status": 1,
            "bi_followers_count": 261,
            "lang": "zh-cn"
        },
        "retweeted_status": {
            "created_at": "Thu Mar 01 22:41:00 +0800 2012",
            "id": 3418900496913206,
            "mid": "3418900496913206",
            "idstr": "3418900496913206",
            "text": "电话里面：“This is a wrong number.Please check up and take the telephone number again……”；电话外面：“孩子，你为什么每次都说外语，妈听不懂，但是妈想你……”[泪]",
            "source": "<a href=\"http://weibo.com\" rel=\"nofollow\">新浪微博</a>",
            "favorited": false,
            "truncated": false,
            "in_reply_to_status_id": "",
            "in_reply_to_user_id": "",
            "in_reply_to_screen_name": "",
            "thumbnail_pic": "http://ww1.sinaimg.cn/thumbnail/7cbf26b6jw1dqkoei38rej.jpg",
            "bmiddle_pic": "http://ww1.sinaimg.cn/bmiddle/7cbf26b6jw1dqkoei38rej.jpg",
            "original_pic": "http://ww1.sinaimg.cn/large/7cbf26b6jw1dqkoei38rej.jpg",
            "geo": null,
            "user": {
                "id": 2092902070,
                "idstr": "2092902070",
                "screen_name": "六间房刘磊",
                "name": "六间房刘磊",
                "province": "11",
                "city": "8",
                "location": "北京 海淀区",
                "description": "专治各种疑难杂症，横扫一切牛鬼蛇神！",
                "url": "",
                "profile_image_url": "http://tp3.sinaimg.cn/2092902070/50/5597214038/1",
                "profile_url": "llwqk",
                "domain": "llwqk",
                "weihao": "",
                "gender": "m",
                "followers_count": 277830,
                "friends_count": 1875,
                "statuses_count": 5302,
                "favourites_count": 0,
                "created_at": "Fri Apr 08 00:00:00 +0800 2011",
                "following": false,
                "allow_all_act_msg": true,
                "geo_enabled": true,
                "verified": true,
                "verified_type": 0,
                "remark": "",
                "allow_all_comment": true,
                "avatar_large": "http://tp3.sinaimg.cn/2092902070/180/5597214038/1",
                "verified_reason": "六间房视频网站总编  北京电视艺术家协会网络视听分会常务理事",
                "follow_me": false,
                "online_status": 1,
                "bi_followers_count": 1776,
                "lang": "zh-cn"
            },
            "reposts_count": 77,
            "comments_count": 21,
            "mlevel": 0,
            "visible": {
                "type": 0,
                "list_id": 0
            }
        },
        "reposts_count": 0,
        "comments_count": 1,
        "mlevel": 0,
        "visible": {
            "type": 0,
            "list_id": 0
        }
    },
    {
        "created_at": "Fri Mar 02 00:47:18 +0800 2012",
        "id": 3418932273135704,
        "mid": "3418932273135704",
        "idstr": "3418932273135704",
        "text": "这事明显就是摆拍，谁每天跟着个摄影师//@杨早://@李老楼:延安遗风。",
        "source": "<a href=\"http://m.weibo.com/web/cellphone.php#android\" rel=\"nofollow\">Android客户端</a>",
        "favorited": false,
        "truncated": false,
        "in_reply_to_status_id": "",
        "in_reply_to_user_id": "",
        "in_reply_to_screen_name": "",
        "geo": null,
        "user": {
            "id": 1893774153,
            "idstr": "1893774153",
            "screen_name": "常新居士",
            "name": "常新居士",
            "province": "11",
            "city": "2",
            "location": "北京 西城区",
            "description": "常新居士，性豪侠；好声色，喜绘画；泛阅读，粗通文字，尤好志怪神通，大爱人文科幻；投身IT，冀志凌云，崇创新，尚行动。喜辨思，好自由。",
            "url": "http://blog.sina.com.cn/renfake",
            "profile_image_url": "http://tp2.sinaimg.cn/1893774153/50/1292404092/1",
            "profile_url": "renfake",
            "domain": "renfake",
            "weihao": "",
            "gender": "m",
            "followers_count": 368,
            "friends_count": 269,
            "statuses_count": 1529,
            "favourites_count": 448,
            "created_at": "Wed Dec 15 00:00:00 +0800 2010",
            "following": true,
            "allow_all_act_msg": false,
            "geo_enabled": true,
            "verified": false,
            "verified_type": -1,
            "remark": "",
            "allow_all_comment": true,
            "avatar_large": "http://tp2.sinaimg.cn/1893774153/180/1292404092/1",
            "verified_reason": "",
            "follow_me": true,
            "online_status": 1,
            "bi_followers_count": 109,
            "lang": "zh-cn"
        },
        "retweeted_status": {
            "created_at": "Thu Mar 01 19:52:06 +0800 2012",
            "id": 3418857999607489,
            "mid": "3418857999607489",
            "idstr": "3418857999607489",
            "text": "网曝！！那张著名的“雷锋送老大娘回家”做好事照片是导演的，图中扮演需要搀扶的老大娘是大连《新商报》副总编辑王盛波的奶奶。据王盛波讲，他奶奶当时就在家里，并不需要别人送她回家，是新闻干事季增带雷锋上门来搀扶的，小女孩是邻居家的，说之所以找不高的老奶奶作道具，是因为雷锋的身高较矮；",
            "source": "<a href=\"http://weibo.com\" rel=\"nofollow\">新浪微博</a>",
            "favorited": false,
            "truncated": false,
            "in_reply_to_status_id": "",
            "in_reply_to_user_id": "",
            "in_reply_to_screen_name": "",
            "thumbnail_pic": "http://ww2.sinaimg.cn/thumbnail/5ffdad2ftw1dqkjfiiandj.jpg",
            "bmiddle_pic": "http://ww2.sinaimg.cn/bmiddle/5ffdad2ftw1dqkjfiiandj.jpg",
            "original_pic": "http://ww2.sinaimg.cn/large/5ffdad2ftw1dqkjfiiandj.jpg",
            "geo": null,
            "user": {
                "id": 1610460463,
                "idstr": "1610460463",
                "screen_name": "刘义0",
                "name": "刘义0",
                "province": "31",
                "city": "1000",
                "location": "上海",
                "description": "荣获2010上海设计力量及2011上海高端青年创意人才称号， 李宁/型男志/马克华菲/伊莱克斯/特邀艺术家 M>13321893607 E>spardec@126.com",
                "url": "http://blog.sina.com.cn/liuyibrand",
                "profile_image_url": "http://tp4.sinaimg.cn/1610460463/50/5624591127/1",
                "profile_url": "liuyibrand",
                "domain": "liuyibrand",
                "weihao": "",
                "gender": "m",
                "followers_count": 161473,
                "friends_count": 790,
                "statuses_count": 3714,
                "favourites_count": 10,
                "created_at": "Wed Dec 02 00:00:00 +0800 2009",
                "following": false,
                "allow_all_act_msg": false,
                "geo_enabled": true,
                "verified": true,
                "verified_type": 0,
                "remark": "",
                "allow_all_comment": true,
                "avatar_large": "http://tp4.sinaimg.cn/1610460463/180/5624591127/1",
                "verified_reason": "知名设计师",
                "follow_me": false,
                "online_status": 1,
                "bi_followers_count": 768,
                "lang": "zh-cn"
            },
            "reposts_count": 1481,
            "comments_count": 354,
            "mlevel": 0,
            "visible": {
                "type": 0,
                "list_id": 0
            }
        },
        "reposts_count": 0,
        "comments_count": 0,
        "mlevel": 0,
        "visible": {
            "type": 0,
            "list_id": 0
        }
    },
    {
        "created_at": "Fri Mar 02 00:29:12 +0800 2012",
        "id": 3418927717367770,
        "mid": "3418927717367770",
        "idstr": "3418927717367770",
        "text": "右手，你今天犯错误了。脑袋，别那么冲动；发脾气前数到10。",
        "source": "<a href=\"http://weibo.com\" rel=\"nofollow\">新浪微博</a>",
        "favorited": false,
        "truncated": false,
        "in_reply_to_status_id": "",
        "in_reply_to_user_id": "",
        "in_reply_to_screen_name": "",
        "geo": null,
        "user": {
            "id": 1893774153,
            "idstr": "1893774153",
            "screen_name": "常新居士",
            "name": "常新居士",
            "province": "11",
            "city": "2",
            "location": "北京 西城区",
            "description": "常新居士，性豪侠；好声色，喜绘画；泛阅读，粗通文字，尤好志怪神通，大爱人文科幻；投身IT，冀志凌云，崇创新，尚行动。喜辨思，好自由。",
            "url": "http://blog.sina.com.cn/renfake",
            "profile_image_url": "http://tp2.sinaimg.cn/1893774153/50/1292404092/1",
            "profile_url": "renfake",
            "domain": "renfake",
            "weihao": "",
            "gender": "m",
            "followers_count": 368,
            "friends_count": 269,
            "statuses_count": 1529,
            "favourites_count": 448,
            "created_at": "Wed Dec 15 00:00:00 +0800 2010",
            "following": true,
            "allow_all_act_msg": false,
            "geo_enabled": true,
            "verified": false,
            "verified_type": -1,
            "remark": "",
            "allow_all_comment": true,
            "avatar_large": "http://tp2.sinaimg.cn/1893774153/180/1292404092/1",
            "verified_reason": "",
            "follow_me": true,
            "online_status": 1,
            "bi_followers_count": 109,
            "lang": "zh-cn"
        },
        "reposts_count": 0,
        "comments_count": 1,
        "mlevel": 0,
        "visible": {
            "type": 0,
            "list_id": 0
        }
    },
    {
        "created_at": "Fri Mar 02 00:26:39 +0800 2012",
        "id": 3418927097400767,
        "mid": "3418927097400767",
        "idstr": "3418927097400767",
        "text": "抽奖是个技术活，一命二运三风水，四靠祖坟五读书",
        "source": "<a href=\"http://weibo.com\" rel=\"nofollow\">新浪微博</a>",
        "favorited": false,
        "truncated": false,
        "in_reply_to_status_id": "",
        "in_reply_to_user_id": "",
        "in_reply_to_screen_name": "",
        "geo": null,
        "user": {
            "id": 1893774153,
            "idstr": "1893774153",
            "screen_name": "常新居士",
            "name": "常新居士",
            "province": "11",
            "city": "2",
            "location": "北京 西城区",
            "description": "常新居士，性豪侠；好声色，喜绘画；泛阅读，粗通文字，尤好志怪神通，大爱人文科幻；投身IT，冀志凌云，崇创新，尚行动。喜辨思，好自由。",
            "url": "http://blog.sina.com.cn/renfake",
            "profile_image_url": "http://tp2.sinaimg.cn/1893774153/50/1292404092/1",
            "profile_url": "renfake",
            "domain": "renfake",
            "weihao": "",
            "gender": "m",
            "followers_count": 368,
            "friends_count": 269,
            "statuses_count": 1529,
            "favourites_count": 448,
            "created_at": "Wed Dec 15 00:00:00 +0800 2010",
            "following": true,
            "allow_all_act_msg": false,
            "geo_enabled": true,
            "verified": false,
            "verified_type": -1,
            "remark": "",
            "allow_all_comment": true,
            "avatar_large": "http://tp2.sinaimg.cn/1893774153/180/1292404092/1",
            "verified_reason": "",
            "follow_me": true,
            "online_status": 1,
            "bi_followers_count": 109,
            "lang": "zh-cn"
        },
        "retweeted_status": {
            "created_at": "Mon Feb 27 20:00:37 +0800 2012",
            "id": 3417772971111477,
            "mid": "3417772971111477",
            "idstr": "3417772971111477",
            "text": "#有奖转发#Ipad 2 一部要不要?3月9号日下午16：00抽奖。只需成为@众信旅游 的粉丝，转发该信息，即可获得抽奖资格。活动将使用新浪第三方工具“转发抽奖平台”抽取，公平公正。特大优惠：春季樱花路线大全，部分路线第二人半价即可，机不可失哈http://t.cn/zOLmCeU",
            "source": "<a href=\"http://weibo.pp.cc/time/\" rel=\"nofollow\">皮皮时光机</a>",
            "favorited": false,
            "truncated": false,
            "in_reply_to_status_id": "",
            "in_reply_to_user_id": "",
            "in_reply_to_screen_name": "",
            "thumbnail_pic": "http://ww1.sinaimg.cn/thumbnail/49fcd112jw1dqh2wy242ej.jpg",
            "bmiddle_pic": "http://ww1.sinaimg.cn/bmiddle/49fcd112jw1dqh2wy242ej.jpg",
            "original_pic": "http://ww1.sinaimg.cn/large/49fcd112jw1dqh2wy242ej.jpg",
            "geo": null,
            "user": {
                "id": 1241305362,
                "idstr": "1241305362",
                "screen_name": "众信旅游",
                "name": "众信旅游",
                "province": "11",
                "city": "1000",
                "location": "北京",
                "description": "快乐旅程 一起分享！众信旅游，环球旅游好伙伴 http://www.utourworld.com 400-819-9898",
                "url": "http://blog.sina.com.cn/travelusion",
                "profile_image_url": "http://tp3.sinaimg.cn/1241305362/50/5597459220/0",
                "profile_url": "travelusion",
                "domain": "travelusion",
                "weihao": "",
                "gender": "f",
                "followers_count": 557906,
                "friends_count": 207,
                "statuses_count": 3386,
                "favourites_count": 14,
                "created_at": "Wed Feb 03 00:00:00 +0800 2010",
                "following": false,
                "allow_all_act_msg": true,
                "geo_enabled": true,
                "verified": true,
                "verified_type": 2,
                "remark": "",
                "allow_all_comment": true,
                "avatar_large": "http://tp3.sinaimg.cn/1241305362/180/5597459220/0",
                "verified_reason": "众信国际旅行社官方微博",
                "follow_me": false,
                "online_status": 1,
                "bi_followers_count": 146,
                "lang": "zh-cn"
            },
            "reposts_count": 25920,
            "comments_count": 6850,
            "mlevel": 0,
            "visible": {
                "type": 0,
                "list_id": 0
            }
        },
        "reposts_count": 0,
        "comments_count": 0,
        "mlevel": 0,
        "visible": {
            "type": 0,
            "list_id": 0
        }
    },
    {
        "created_at": "Fri Mar 02 00:25:37 +0800 2012",
        "id": 3418926820530640,
        "mid": "3418926820530640",
        "idstr": "3418926820530640",
        "text": "头脑风暴的模式是：发散，分组，投票收敛，对投票点发散，收敛成行动，下一个投票再来一次。放收收放收放收，收这下考手艺，不收敛头脑风暴就是没头脑瞎风暴。",
        "source": "<a href=\"http://itunes.apple.com/cn/app/id433846107?mt=8\" rel=\"nofollow\">随享.iPhone版</a>",
        "favorited": false,
        "truncated": false,
        "in_reply_to_status_id": "",
        "in_reply_to_user_id": "",
        "in_reply_to_screen_name": "",
        "geo": null,
        "user": {
            "id": 1665809684,
            "idstr": "1665809684",
            "screen_name": "一只土贼",
            "name": "一只土贼",
            "province": "11",
            "city": "1000",
            "location": "北京",
            "description": "太正式了吧也 土贼多彪悍也 www.tuzei8.com",
            "url": "",
            "profile_image_url": "http://tp1.sinaimg.cn/1665809684/50/5623731100/1",
            "profile_url": "u/1665809684",
            "domain": "",
            "weihao": "",
            "gender": "m",
            "followers_count": 631,
            "friends_count": 113,
            "statuses_count": 549,
            "favourites_count": 5,
            "created_at": "Wed Dec 02 00:00:00 +0800 2009",
            "following": true,
            "allow_all_act_msg": false,
            "geo_enabled": true,
            "verified": true,
            "verified_type": 0,
            "remark": "",
            "allow_all_comment": true,
            "avatar_large": "http://tp1.sinaimg.cn/1665809684/180/5623731100/1",
            "verified_reason": "ThoughtWorks中国区首席设计师",
            "follow_me": true,
            "online_status": 1,
            "bi_followers_count": 86,
            "lang": "zh-cn"
        },
        "reposts_count": 2,
        "comments_count": 3,
        "mlevel": 0,
        "visible": {
            "type": 0,
            "list_id": 0
        }
    },
    {
        "created_at": "Fri Mar 02 00:23:27 +0800 2012",
        "id": 3418926274516342,
        "mid": "3418926274516342",
        "idstr": "3418926274516342",
        "text": "抽奖什么的，最喜欢了。",
        "source": "<a href=\"http://weibo.com\" rel=\"nofollow\">新浪微博</a>",
        "favorited": false,
        "truncated": false,
        "in_reply_to_status_id": "",
        "in_reply_to_user_id": "",
        "in_reply_to_screen_name": "",
        "geo": null,
        "user": {
            "id": 1893774153,
            "idstr": "1893774153",
            "screen_name": "常新居士",
            "name": "常新居士",
            "province": "11",
            "city": "2",
            "location": "北京 西城区",
            "description": "常新居士，性豪侠；好声色，喜绘画；泛阅读，粗通文字，尤好志怪神通，大爱人文科幻；投身IT，冀志凌云，崇创新，尚行动。喜辨思，好自由。",
            "url": "http://blog.sina.com.cn/renfake",
            "profile_image_url": "http://tp2.sinaimg.cn/1893774153/50/1292404092/1",
            "profile_url": "renfake",
            "domain": "renfake",
            "weihao": "",
            "gender": "m",
            "followers_count": 368,
            "friends_count": 269,
            "statuses_count": 1529,
            "favourites_count": 448,
            "created_at": "Wed Dec 15 00:00:00 +0800 2010",
            "following": true,
            "allow_all_act_msg": false,
            "geo_enabled": true,
            "verified": false,
            "verified_type": -1,
            "remark": "",
            "allow_all_comment": true,
            "avatar_large": "http://tp2.sinaimg.cn/1893774153/180/1292404092/1",
            "verified_reason": "",
            "follow_me": true,
            "online_status": 1,
            "bi_followers_count": 109,
            "lang": "zh-cn"
        },
        "reposts_count": 0,
        "comments_count": 1,
        "mlevel": 0,
        "visible": {
            "type": 0,
            "list_id": 0
        }
    },
    {
        "created_at": "Fri Mar 02 00:23:01 +0800 2012",
        "id": 3418926170045281,
        "mid": "3418926170045281",
        "idstr": "3418926170045281",
        "text": "娘的咧，收了。@浅笑兮兮2009 @E路向前--北京 @徐毅-Kaveri",
        "source": "<a href=\"http://weibo.com\" rel=\"nofollow\">新浪微博</a>",
        "favorited": false,
        "truncated": false,
        "in_reply_to_status_id": "",
        "in_reply_to_user_id": "",
        "in_reply_to_screen_name": "",
        "geo": null,
        "user": {
            "id": 1893774153,
            "idstr": "1893774153",
            "screen_name": "常新居士",
            "name": "常新居士",
            "province": "11",
            "city": "2",
            "location": "北京 西城区",
            "description": "常新居士，性豪侠；好声色，喜绘画；泛阅读，粗通文字，尤好志怪神通，大爱人文科幻；投身IT，冀志凌云，崇创新，尚行动。喜辨思，好自由。",
            "url": "http://blog.sina.com.cn/renfake",
            "profile_image_url": "http://tp2.sinaimg.cn/1893774153/50/1292404092/1",
            "profile_url": "renfake",
            "domain": "renfake",
            "weihao": "",
            "gender": "m",
            "followers_count": 368,
            "friends_count": 269,
            "statuses_count": 1529,
            "favourites_count": 448,
            "created_at": "Wed Dec 15 00:00:00 +0800 2010",
            "following": true,
            "allow_all_act_msg": false,
            "geo_enabled": true,
            "verified": false,
            "verified_type": -1,
            "remark": "",
            "allow_all_comment": true,
            "avatar_large": "http://tp2.sinaimg.cn/1893774153/180/1292404092/1",
            "verified_reason": "",
            "follow_me": true,
            "online_status": 1,
            "bi_followers_count": 109,
            "lang": "zh-cn"
        },
        "retweeted_status": {
            "created_at": "Wed Feb 22 10:42:24 +0800 2012",
            "id": 3415820551792173,
            "mid": "3415820551792173",
            "idstr": "3415820551792173",
            "text": "【转发抽单反，3月去踏春】想要价值7000元，既可摄影又可视频的经典尼康D90套机么？只需您❶ 同时关注@非常摄影 和@携程旅游 ❷转发本条微博 ❸@ 三位好友。即可赢得抽取尼康D90单反相机加18-105mm镜头的机会，活动截止日期3月2日24:00，幸运的就是你！不试怎么知道！地球之内包邮哦亲！ @携程旅游",
            "source": "<a href=\"http://weibo.com\" rel=\"nofollow\">新浪微博</a>",
            "favorited": false,
            "truncated": false,
            "in_reply_to_status_id": "",
            "in_reply_to_user_id": "",
            "in_reply_to_screen_name": "",
            "thumbnail_pic": "http://ww4.sinaimg.cn/thumbnail/9c187336tw1dqaun402ktg.gif",
            "bmiddle_pic": "http://ww4.sinaimg.cn/bmiddle/9c187336tw1dqaun402ktg.gif",
            "original_pic": "http://ww4.sinaimg.cn/large/9c187336tw1dqaun402ktg.gif",
            "geo": null,
            "user": {
                "id": 2618848054,
                "idstr": "2618848054",
                "screen_name": "非常摄影",
                "name": "非常摄影",
                "province": "71",
                "city": "1",
                "location": "台湾 台北市",
                "description": "摄影改变地球！！！",
                "url": "http://weibo.com/sheying1",
                "profile_image_url": "http://tp3.sinaimg.cn/2618848054/50/5619518896/0",
                "profile_url": "sheying1",
                "domain": "sheying1",
                "weihao": "",
                "gender": "f",
                "followers_count": 20946,
                "friends_count": 97,
                "statuses_count": 1064,
                "favourites_count": 34,
                "created_at": "Mon Dec 19 00:00:00 +0800 2011",
                "following": false,
                "allow_all_act_msg": false,
                "geo_enabled": false,
                "verified": false,
                "verified_type": -1,
                "remark": "",
                "allow_all_comment": true,
                "avatar_large": "http://tp3.sinaimg.cn/2618848054/180/5619518896/0",
                "verified_reason": "",
                "follow_me": false,
                "online_status": 0,
                "bi_followers_count": 53,
                "lang": "zh-cn"
            },
            "reposts_count": 21118,
            "comments_count": 7228,
            "mlevel": 0,
            "visible": {
                "type": 0,
                "list_id": 0
            }
        },
        "reposts_count": 0,
        "comments_count": 0,
        "mlevel": 0,
        "visible": {
            "type": 0,
            "list_id": 0
        }
    },
    {
        "created_at": "Fri Mar 02 00:19:46 +0800 2012",
        "id": 3418925360672637,
        "mid": "3418925360672637",
        "idstr": "3418925360672637",
        "text": "dinner and KTV， drink too much with client， I belive Mike and Heather got drunk。。。",
        "source": "<a href=\"http://weibo.com\" rel=\"nofollow\">新浪微博</a>",
        "favorited": false,
        "truncated": false,
        "in_reply_to_status_id": "",
        "in_reply_to_user_id": "",
        "in_reply_to_screen_name": "",
        "geo": null,
        "user": {
            "id": 1710369261,
            "idstr": "1710369261",
            "screen_name": "iamroody",
            "name": "iamroody",
            "province": "61",
            "city": "1",
            "location": "陕西 西安",
            "description": "有些事现在不去做，一辈子也不会去做了；有些事现在去做了，全世界都会帮助你。",
            "url": "http://wangyan.info",
            "profile_image_url": "http://tp2.sinaimg.cn/1710369261/50/5622715857/1",
            "profile_url": "iamroody",
            "domain": "iamroody",
            "weihao": "",
            "gender": "m",
            "followers_count": 1420,
            "friends_count": 738,
            "statuses_count": 2157,
            "favourites_count": 96,
            "created_at": "Sat Mar 13 00:00:00 +0800 2010",
            "following": true,
            "allow_all_act_msg": false,
            "geo_enabled": true,
            "verified": false,
            "verified_type": -1,
            "remark": "",
            "allow_all_comment": true,
            "avatar_large": "http://tp2.sinaimg.cn/1710369261/180/5622715857/1",
            "verified_reason": "",
            "follow_me": true,
            "online_status": 1,
            "bi_followers_count": 325,
            "lang": "zh-cn"
        },
        "reposts_count": 0,
        "comments_count": 1,
        "mlevel": 0,
        "visible": {
            "type": 0,
            "list_id": 0
        }
    },
    {
        "created_at": "Fri Mar 02 00:09:48 +0800 2012",
        "id": 3418922835511371,
        "mid": "3418922835511371",
        "idstr": "3418922835511371",
        "text": "同求租啊同求租啊",
        "source": "<a href=\"http://m.weibo.com/web/cellphone.php#ipad\" rel=\"nofollow\">iPad客户端</a>",
        "favorited": false,
        "truncated": false,
        "in_reply_to_status_id": "",
        "in_reply_to_user_id": "",
        "in_reply_to_screen_name": "",
        "geo": null,
        "user": {
            "id": 1171991581,
            "idstr": "1171991581",
            "screen_name": "cec1wang",
            "name": "cec1wang",
            "province": "61",
            "city": "1",
            "location": "陕西 西安",
            "description": "thoughtworker",
            "url": "http://cczfp.com",
            "profile_image_url": "http://tp2.sinaimg.cn/1171991581/50/5610910376/0",
            "profile_url": "u/1171991581",
            "domain": "",
            "weihao": "",
            "gender": "f",
            "followers_count": 118,
            "friends_count": 219,
            "statuses_count": 152,
            "favourites_count": 22,
            "created_at": "Fri Mar 05 00:00:00 +0800 2010",
            "following": true,
            "allow_all_act_msg": false,
            "geo_enabled": true,
            "verified": false,
            "verified_type": -1,
            "remark": "",
            "allow_all_comment": true,
            "avatar_large": "http://tp2.sinaimg.cn/1171991581/180/5610910376/0",
            "verified_reason": "",
            "follow_me": true,
            "online_status": 1,
            "bi_followers_count": 68,
            "lang": "zh-cn"
        },
        "retweeted_status": {
            "created_at": "Thu Mar 01 16:57:52 +0800 2012",
            "id": 3418814148709224,
            "mid": "3418814148709224",
            "idstr": "3418814148709224",
            "text": "啊，求租房啊，求租房啊，求租房啊，还得上班近啊~~~~~",
            "source": "<a href=\"http://weibo.com\" rel=\"nofollow\">新浪微博</a>",
            "favorited": false,
            "truncated": false,
            "in_reply_to_status_id": "",
            "in_reply_to_user_id": "",
            "in_reply_to_screen_name": "",
            "geo": null,
            "user": {
                "id": 1654156603,
                "idstr": "1654156603",
                "screen_name": "muggleyoung",
                "name": "muggleyoung",
                "province": "61",
                "city": "1",
                "location": "陕西 西安",
                "description": "",
                "url": "http://muggleyoung.blogbus.com/",
                "profile_image_url": "http://tp4.sinaimg.cn/1654156603/50/5603871401/0",
                "profile_url": "muggleyoung",
                "domain": "muggleyoung",
                "weihao": "",
                "gender": "f",
                "followers_count": 128,
                "friends_count": 137,
                "statuses_count": 495,
                "favourites_count": 1,
                "created_at": "Fri Oct 16 00:00:00 +0800 2009",
                "following": false,
                "allow_all_act_msg": true,
                "geo_enabled": true,
                "verified": false,
                "verified_type": -1,
                "remark": "",
                "allow_all_comment": true,
                "avatar_large": "http://tp4.sinaimg.cn/1654156603/180/5603871401/0",
                "verified_reason": "",
                "follow_me": true,
                "online_status": 1,
                "bi_followers_count": 47,
                "lang": "zh-cn"
            },
            "reposts_count": 1,
            "comments_count": 2,
            "mlevel": 0,
            "visible": {
                "type": 0,
                "list_id": 0
            }
        },
        "reposts_count": 0,
        "comments_count": 3,
        "mlevel": 0,
        "visible": {
            "type": 0,
            "list_id": 0
        }
    },
    {
        "created_at": "Fri Mar 02 00:08:49 +0800 2012",
        "id": 3418922605261990,
        "mid": "3418922605261990",
        "idstr": "3418922605261990",
        "text": "《哪些人在阅读软件许可协议？》哪些人在阅读网站注册条款？",
        "source": "<a href=\"http://weibo.com\" rel=\"nofollow\">新浪微博</a>",
        "favorited": false,
        "truncated": false,
        "in_reply_to_status_id": "",
        "in_reply_to_user_id": "",
        "in_reply_to_screen_name": "",
        "thumbnail_pic": "http://ww4.sinaimg.cn/thumbnail/7cc829d3jw1dqkqx88oudj.jpg",
        "bmiddle_pic": "http://ww4.sinaimg.cn/bmiddle/7cc829d3jw1dqkqx88oudj.jpg",
        "original_pic": "http://ww4.sinaimg.cn/large/7cc829d3jw1dqkqx88oudj.jpg",
        "geo": null,
        "user": {
            "id": 2093492691,
            "idstr": "2093492691",
            "screen_name": "程序员的那些事",
            "name": "程序员的那些事",
            "province": "11",
            "city": "5",
            "location": "北京 朝阳区",
            "description": "① 分享国内外同行的观点，关注程序员相关话题（IT/互联网资讯、职场、幽默、极客）。② 私信完全开放，【投稿、合作、招聘、猎头请私信】。",
            "url": "http://blog.jobbole.com/category/programmer",
            "profile_image_url": "http://tp4.sinaimg.cn/2093492691/50/5598072779/1",
            "profile_url": "u/2093492691",
            "domain": "",
            "weihao": "",
            "gender": "m",
            "followers_count": 47542,
            "friends_count": 1357,
            "statuses_count": 3408,
            "favourites_count": 308,
            "created_at": "Mon Apr 18 00:00:00 +0800 2011",
            "following": true,
            "allow_all_act_msg": true,
            "geo_enabled": false,
            "verified": false,
            "verified_type": 220,
            "remark": "",
            "allow_all_comment": true,
            "avatar_large": "http://tp4.sinaimg.cn/2093492691/180/5598072779/1",
            "verified_reason": "",
            "follow_me": false,
            "online_status": 0,
            "bi_followers_count": 1252,
            "lang": "zh-cn"
        },
        "reposts_count": 56,
        "comments_count": 21,
        "mlevel": 0,
        "visible": {
            "type": 0,
            "list_id": 0
        }
    },
    {
        "created_at": "Fri Mar 02 00:07:47 +0800 2012",
        "id": 3418922344945804,
        "mid": "3418922344945804",
        "idstr": "3418922344945804",
        "text": "电影 Moneyball，布拉德•皮特主演，人家的球队资金雄厚财大气粗烧钱挖人，自己的球队没钱没人，无奈下启用独特的策略调配资源，激发人才效能，小投入高产出。可供创业团队参考。",
        "source": "<a href=\"http://weibo.com\" rel=\"nofollow\">新浪微博</a>",
        "favorited": false,
        "truncated": false,
        "in_reply_to_status_id": "",
        "in_reply_to_user_id": "",
        "in_reply_to_screen_name": "",
        "geo": null,
        "user": {
            "id": 1577826897,
            "idstr": "1577826897",
            "screen_name": "Fenng",
            "name": "Fenng",
            "province": "33",
            "city": "1",
            "location": "浙江 杭州",
            "description": "做技术的手艺人，但不懂技术。微博专攻技术八卦兼扯淡顺便散播小道消息。只写我自己的观点，估计你不会爱看。如无必要，请勿关注，高人、专家勿扰。",
            "url": "http://dbanotes.net",
            "profile_image_url": "http://tp2.sinaimg.cn/1577826897/50/5609854904/1",
            "profile_url": "fenng",
            "domain": "fenng",
            "weihao": "123141592",
            "gender": "m",
            "followers_count": 162499,
            "friends_count": 1989,
            "statuses_count": 8041,
            "favourites_count": 2701,
            "created_at": "Fri Aug 28 00:00:00 +0800 2009",
            "following": true,
            "allow_all_act_msg": false,
            "geo_enabled": false,
            "verified": true,
            "verified_type": 0,
            "remark": "",
            "allow_all_comment": true,
            "avatar_large": "http://tp2.sinaimg.cn/1577826897/180/5609854904/1",
            "verified_reason": "丁香园 (DXY.com) CTO 冯大辉。贝塔咖啡共同创建人。",
            "follow_me": false,
            "online_status": 1,
            "bi_followers_count": 1512,
            "lang": "zh-cn"
        },
        "reposts_count": 16,
        "comments_count": 8,
        "mlevel": 0,
        "visible": {
            "type": 0,
            "list_id": 0
        }
    },
    {
        "created_at": "Fri Mar 02 00:04:36 +0800 2012",
        "id": 3418921531557403,
        "mid": "3418921531557403",
        "idstr": "3418921531557403",
        "text": "Team building整一个 //@TW-码蜂: 果断计划订餐啊",
        "source": "<a href=\"http://m.weibo.com/web/cellphone.php#ipad\" rel=\"nofollow\">iPad客户端</a>",
        "favorited": false,
        "truncated": false,
        "in_reply_to_status_id": "",
        "in_reply_to_user_id": "",
        "in_reply_to_screen_name": "",
        "geo": null,
        "user": {
            "id": 1171991581,
            "idstr": "1171991581",
            "screen_name": "cec1wang",
            "name": "cec1wang",
            "province": "61",
            "city": "1",
            "location": "陕西 西安",
            "description": "thoughtworker",
            "url": "http://cczfp.com",
            "profile_image_url": "http://tp2.sinaimg.cn/1171991581/50/5610910376/0",
            "profile_url": "u/1171991581",
            "domain": "",
            "weihao": "",
            "gender": "f",
            "followers_count": 118,
            "friends_count": 219,
            "statuses_count": 152,
            "favourites_count": 22,
            "created_at": "Fri Mar 05 00:00:00 +0800 2010",
            "following": true,
            "allow_all_act_msg": false,
            "geo_enabled": true,
            "verified": false,
            "verified_type": -1,
            "remark": "",
            "allow_all_comment": true,
            "avatar_large": "http://tp2.sinaimg.cn/1171991581/180/5610910376/0",
            "verified_reason": "",
            "follow_me": true,
            "online_status": 1,
            "bi_followers_count": 68,
            "lang": "zh-cn"
        },
        "retweeted_status": {
            "created_at": "Thu Mar 01 20:30:18 +0800 2012",
            "id": 3418867617851102,
            "mid": "3418867617851102",
            "idstr": "3418867617851102",
            "text": "#西安爆料#【人类不能阻止的海底捞 西安送外卖了[鼓掌]】@海底捞-Hi捞送 说：目前西安市高新区高新四路高科广场海底捞已经开通外送服务啦，大家可拨打全国订餐热线：4008107107、或登录www.4008107107.com网上订餐。 [鼓掌]筒子们，可以试试人类不能阻止的海底捞，360°无死角，地主老财一般的服务咯~~",
            "source": "<a href=\"http://weiboapp.st-marc.info\" rel=\"nofollow\">微客联盟</a>",
            "favorited": false,
            "truncated": false,
            "in_reply_to_status_id": "",
            "in_reply_to_user_id": "",
            "in_reply_to_screen_name": "",
            "thumbnail_pic": "http://ww2.sinaimg.cn/thumbnail/7d0a61e9jw1dqkkmsnd5lj.jpg",
            "bmiddle_pic": "http://ww2.sinaimg.cn/bmiddle/7d0a61e9jw1dqkkmsnd5lj.jpg",
            "original_pic": "http://ww2.sinaimg.cn/large/7d0a61e9jw1dqkkmsnd5lj.jpg",
            "geo": null,
            "user": {
                "id": 2097832425,
                "idstr": "2097832425",
                "screen_name": "幸福西安",
                "name": "幸福西安",
                "province": "61",
                "city": "1",
                "location": "陕西 西安",
                "description": "西安最近发生的新闻，最全的生活资讯，这里是西安生活的纪念册，爱我西安，宣传西安！投稿请私信！商业合作同样请私信！群号：107225280",
                "url": "",
                "profile_image_url": "http://tp2.sinaimg.cn/2097832425/50/5607922834/1",
                "profile_url": "xfxian",
                "domain": "xfxian",
                "weihao": "",
                "gender": "m",
                "followers_count": 63107,
                "friends_count": 1536,
                "statuses_count": 7255,
                "favourites_count": 6,
                "created_at": "Wed Apr 20 00:00:00 +0800 2011",
                "following": false,
                "allow_all_act_msg": true,
                "geo_enabled": true,
                "verified": false,
                "verified_type": -1,
                "remark": "",
                "allow_all_comment": true,
                "avatar_large": "http://tp2.sinaimg.cn/2097832425/180/5607922834/1",
                "verified_reason": "",
                "follow_me": false,
                "online_status": 1,
                "bi_followers_count": 1474,
                "lang": "zh-cn"
            },
            "reposts_count": 437,
            "comments_count": 69,
            "mlevel": 0,
            "visible": {
                "type": 0,
                "list_id": 0
            }
        },
        "reposts_count": 0,
        "comments_count": 0,
        "mlevel": 0,
        "visible": {
            "type": 0,
            "list_id": 0
        }
    },
    {
        "created_at": "Thu Mar 01 23:54:25 +0800 2012",
        "id": 3418918981191981,
        "mid": "3418918981191981",
        "idstr": "3418918981191981",
        "text": "保安哥成功应聘腾讯工程师，连马化腾也说「励志」，可见大家潜意识里还是认为工作有高低贵贱之分的。这是个被成功学洗脑的时代。",
        "source": "<a href=\"http://weibo.com\" rel=\"nofollow\">新浪微博</a>",
        "favorited": false,
        "truncated": false,
        "in_reply_to_status_id": "",
        "in_reply_to_user_id": "",
        "in_reply_to_screen_name": "",
        "geo": null,
        "user": {
            "id": 1577826897,
            "idstr": "1577826897",
            "screen_name": "Fenng",
            "name": "Fenng",
            "province": "33",
            "city": "1",
            "location": "浙江 杭州",
            "description": "做技术的手艺人，但不懂技术。微博专攻技术八卦兼扯淡顺便散播小道消息。只写我自己的观点，估计你不会爱看。如无必要，请勿关注，高人、专家勿扰。",
            "url": "http://dbanotes.net",
            "profile_image_url": "http://tp2.sinaimg.cn/1577826897/50/5609854904/1",
            "profile_url": "fenng",
            "domain": "fenng",
            "weihao": "123141592",
            "gender": "m",
            "followers_count": 162499,
            "friends_count": 1989,
            "statuses_count": 8041,
            "favourites_count": 2701,
            "created_at": "Fri Aug 28 00:00:00 +0800 2009",
            "following": true,
            "allow_all_act_msg": false,
            "geo_enabled": false,
            "verified": true,
            "verified_type": 0,
            "remark": "",
            "allow_all_comment": true,
            "avatar_large": "http://tp2.sinaimg.cn/1577826897/180/5609854904/1",
            "verified_reason": "丁香园 (DXY.com) CTO 冯大辉。贝塔咖啡共同创建人。",
            "follow_me": false,
            "online_status": 1,
            "bi_followers_count": 1512,
            "lang": "zh-cn"
        },
        "reposts_count": 86,
        "comments_count": 58,
        "mlevel": 0,
        "visible": {
            "type": 0,
            "list_id": 0
        }
    }],
    "hasvisible": false,
    "previous_cursor": 0,
    "next_cursor": 3418915638055630,
    "total_number": 22978
}