{"statuses":[{"created_at":"Thu Mar 01 16:23:15 +0800 2012","id":3418805428950587,"mid":"3418805428950587","idstr":"3418805428950587","text":"我要学会淡定……因为自己不淡定，还有谁会为我疯狂………","source":"<a href=\"http://weibo.com/nokia\" rel=\"nofollow\">诺基亚C7</a>","favorited":false,"truncated":false,"in_reply_to_status_id":"","in_reply_to_user_id":"","in_reply_to_screen_name":"","geo":null,"user":{"id":1601072085,"idstr":"1601072085","screen_name":"崔昕轶","name":"崔昕轶","province":"15","city":"4","location":"内蒙古 赤峰","description":"简单明了｀｀","url":"http://blog.sina.com.cn/cuixinyi520","profile_image_url":"http://tp2.sinaimg.cn/1601072085/50/5620841316/0","profile_url":"u/1601072085","domain":"","weihao":"","gender":"f","followers_count":115,"friends_count":166,"statuses_count":309,"favourites_count":3,"created_at":"Sat Jan 30 00:00:00 +0800 2010","following":false,"allow_all_act_msg":true,"geo_enabled":true,"verified":false,"verified_type":-1,"allow_all_comment":true,"avatar_large":"http://tp2.sinaimg.cn/1601072085/180/5620841316/0","verified_reason":"","follow_me":false,"online_status":1,"bi_followers_count":23,"lang":"zh-cn"},"reposts_count":0,"comments_count":0,"mlevel":0,"visible":{"type":0,"list_id":0}},{"created_at":"Thu Mar 01 16:23:15 +0800 2012","id":3418805428950437,"mid":"3418805428950437","idstr":"3418805428950437","text":"一个人一生可以爱上很多的人，等你获得真正属于你的幸福之后，你就会明白一起的伤痛其实也是一种财富，它让你学会更好的去把握和珍惜你爱的人。----《泰坦尼克号》","source":"<a href=\"http://itunes.apple.com/cn/app/id433846107?mt=8\" rel=\"nofollow\">随享.iPhone版</a>","favorited":false,"truncated":false,"in_reply_to_status_id":"","in_reply_to_user_id":"","in_reply_to_screen_name":"","thumbnail_pic":"http://ww4.sinaimg.cn/thumbnail/9960e363jw1dqkdhoae3gj.jpg","bmiddle_pic":"http://ww4.sinaimg.cn/bmiddle/9960e363jw1dqkdhoae3gj.jpg","original_pic":"http://ww4.sinaimg.cn/large/9960e363jw1dqkdhoae3gj.jpg","geo":null,"user":{"id":2573263715,"idstr":"2573263715","screen_name":"琴音袅袅升起","name":"琴音袅袅升起","province":"32","city":"2","location":"江苏 无锡","description":"","url":"","profile_image_url":"http://tp4.sinaimg.cn/2573263715/50/5621385615/1","profile_url":"u/2573263715","domain":"","weihao":"","gender":"m","followers_count":1201,"friends_count":497,"statuses_count":318,"favourites_count":0,"created_at":"Fri Jan 13 00:00:00 +0800 2012","following":false,"allow_all_act_msg":false,"geo_enabled":true,"verified":false,"verified_type":-1,"allow_all_comment":true,"avatar_large":"http://tp4.sinaimg.cn/2573263715/180/5621385615/1","verified_reason":"","follow_me":false,"online_status":1,"bi_followers_count":68,"lang":"zh-cn"},"reposts_count":0,"comments_count":0,"mlevel":0,"visible":{"type":0,"list_id":0}},{"created_at":"Thu Mar 01 16:23:13 +0800 2012","id":3418805428950337,"mid":"3418805428950337","idstr":"3418805428950337","text":"追求理想。順便賺些錢，比追求金錢，順便追求理想賺得錢多得多得多。","source":"<a href=\"http://weibo.com\" rel=\"nofollow\">新浪微博</a>","favorited":false,"truncated":false,"in_reply_to_status_id":"","in_reply_to_user_id":"","in_reply_to_screen_name":"","geo":null,"user":{"id":2627238997,"idstr":"2627238997","screen_name":"彗豐農家樂","name":"彗豐農家樂","province":"31","city":"17","location":"上海 松江区","description":"","url":"","profile_image_url":"http://tp2.sinaimg.cn/2627238997/50/5624941676/0","profile_url":"u/2627238997","domain":"","weihao":"","gender":"f","followers_count":6,"friends_count":90,"statuses_count":6,"favourites_count":0,"created_at":"Thu Feb 23 00:00:00 +0800 2012","following":false,"allow_all_act_msg":false,"geo_enabled":true,"verified":false,"verified_type":-1,"allow_all_comment":true,"avatar_large":"http://tp2.sinaimg.cn/2627238997/180/5624941676/0","verified_reason":"","follow_me":false,"online_status":1,"bi_followers_count":1,"lang":"zh-cn"},"reposts_count":0,"comments_count":0,"mlevel":0,"visible":{"type":0,"list_id":0}},{"created_at":"Thu Mar 01 16:23:15 +0800 2012","id":3418805428655187,"mid":"3418805428655187","idstr":"3418805428655187","text":"刚上大学，军训，连长不知道是哪里的口音，喊口令——“向左钻！”“向右钻！”","source":"<a href=\"http://xiuxiu.android.meitu.com/\" rel=\"nofollow\">美图秀秀Android版</a>","favorited":false,"truncated":false,"in_reply_to_status_id":"","in_reply_to_user_id":"","in_reply_to_screen_name":"","geo":null,"user":{"id":2448987374,"idstr":"2448987374","screen_name":"伟业小明","name":"伟业小明","province":"44","city":"1","location":"广东 广州","description":"努力才有收获。","url":"","profile_image_url":"http://tp3.sinaimg.cn/2448987374/50/5612835737/1","profile_url":"u/2448987374","domain":"","weihao":"","gender":"m","followers_count":380,"friends_count":326,"statuses_count":5879,"favourites_count":0,"created_at":"Thu Oct 06 00:00:00 +0800 2011","following":false,"allow_all_act_msg":false,"geo_enabled":true,"verified":false,"verified_type":-1,"allow_all_comment":false,"avatar_large":"http://tp3.sinaimg.cn/2448987374/180/5612835737/1","verified_reason":"","follow_me":false,"online_status":1,"bi_followers_count":20,"lang":"zh-cn"},"reposts_count":0,"comments_count":0,"mlevel":0,"visible":{"type":0,"list_id":0}},{"created_at":"Thu Mar 01 16:23:13 +0800 2012","id":3418805428655055,"mid":"3418805428655055","idstr":"3418805428655055","text":"我是\"khalil欣\", 我已经将名字改为\"khalil欣\",请继续关注我哦~","source":"<a href=\"http://down2.uc.cn/ucbrowser/html/?pub=chens@sina13&amp;title=&amp;url=\" rel=\"nofollow\">UC浏览器</a>","favorited":false,"truncated":false,"in_reply_to_status_id":"","in_reply_to_user_id":"","in_reply_to_screen_name":"","geo":null,"user":{"id":2604157241,"idstr":"2604157241","screen_name":"khalil欣","name":"khalil欣","province":"44","city":"1000","location":"广东","description":"","url":"","profile_image_url":"http://tp2.sinaimg.cn/2604157241/50/5622273603/0","profile_url":"u/2604157241","domain":"","weihao":"","gender":"f","followers_count":40,"friends_count":26,"statuses_count":111,"favourites_count":1,"created_at":"Tue Jan 17 00:00:00 +0800 2012","following":false,"allow_all_act_msg":false,"geo_enabled":true,"verified":false,"verified_type":-1,"allow_all_comment":true,"avatar_large":"http://tp2.sinaimg.cn/2604157241/180/5622273603/0","verified_reason":"","follow_me":false,"online_status":1,"bi_followers_count":2,"lang":"zh-cn"},"reposts_count":0,"comments_count":0,"mlevel":0,"visible":{"type":0,"list_id":0}},{"created_at":"Thu Mar 01 16:23:14 +0800 2012","id":3418805424460655,"mid":"3418805424460655","idstr":"3418805424460655","text":"我今天在#微盘签到#获得了65M免费空间，好运指数2颗星，你也来试试手气吧http://t.cn/aoXFJa @微盘 新浪网旗下云存储网盘！","source":"<a href=\"http://vdisk.weibo.com\" rel=\"nofollow\">微盘</a>","favorited":false,"truncated":false,"in_reply_to_status_id":"","in_reply_to_user_id":"","in_reply_to_screen_name":"","thumbnail_pic":"http://ww3.sinaimg.cn/thumbnail/5393b4aajw1dqkdhnxp24j.jpg","bmiddle_pic":"http://ww3.sinaimg.cn/bmiddle/5393b4aajw1dqkdhnxp24j.jpg","original_pic":"http://ww3.sinaimg.cn/large/5393b4aajw1dqkdhnxp24j.jpg","geo":null,"user":{"id":1402188970,"idstr":"1402188970","screen_name":"孤独双子寂寞嫦娥","name":"孤独双子寂寞嫦娥","province":"11","city":"1000","location":"北京","description":"","url":"","profile_image_url":"http://tp3.sinaimg.cn/1402188970/50/5619761861/0","profile_url":"u/1402188970","domain":"","weihao":"","gender":"f","followers_count":81,"friends_count":134,"statuses_count":7,"favourites_count":260,"created_at":"Fri Aug 13 00:00:00 +0800 2010","following":false,"allow_all_act_msg":true,"geo_enabled":true,"verified":false,"verified_type":-1,"allow_all_comment":true,"avatar_large":"http://tp3.sinaimg.cn/1402188970/180/5619761861/0","verified_reason":"","follow_me":false,"online_status":0,"bi_followers_count":13,"lang":"zh-cn"},"reposts_count":0,"comments_count":0,"mlevel":0,"visible":{"type":0,"list_id":0}},{"created_at":"Thu Mar 01 16:23:13 +0800 2012","id":3418805424460635,"mid":"3418805424460635","idstr":"3418805424460635","text":"对@手机用户2334915637 说：看到了没，，何欣[给力]","source":"<a href=\"http://weibo.com\" rel=\"nofollow\">新浪微博</a>","favorited":false,"truncated":false,"in_reply_to_status_id":"","in_reply_to_user_id":"","in_reply_to_screen_name":"","geo":null,"user":{"id":2335505951,"idstr":"2335505951","screen_name":"High淘淘","name":"High淘淘","province":"61","city":"1","location":"陕西 西安","description":"","url":"","profile_image_url":"http://tp4.sinaimg.cn/2335505951/50/5621735926/1","profile_url":"201290365","domain":"","weihao":"201290365","gender":"m","followers_count":22,"friends_count":76,"statuses_count":64,"favourites_count":0,"created_at":"Wed Aug 31 00:00:00 +0800 2011","following":false,"allow_all_act_msg":false,"geo_enabled":true,"verified":false,"verified_type":-1,"allow_all_comment":true,"avatar_large":"http://tp4.sinaimg.cn/2335505951/180/5621735926/1","verified_reason":"","follow_me":false,"online_status":1,"bi_followers_count":18,"lang":"zh-cn"},"reposts_count":0,"comments_count":0,"mlevel":0,"visible":{"type":0,"list_id":0}},{"created_at":"Thu Mar 01 16:23:12 +0800 2012","id":3418805424460337,"mid":"3418805424460337","idstr":"3418805424460337","text":"恭喜@四川省出入境服务中心      V认证。。[威武][威武]","source":"<a href=\"http://m.weibo.com/web/cellphone.php#iphone\" rel=\"nofollow\">iPhone客户端</a>","favorited":false,"truncated":false,"in_reply_to_status_id":"","in_reply_to_user_id":"","in_reply_to_screen_name":"","geo":null,"user":{"id":1736295385,"idstr":"1736295385","screen_name":"面包说话","name":"面包说话","province":"51","city":"1","location":"四川 成都","description":"","url":"","profile_image_url":"http://tp2.sinaimg.cn/1736295385/50/5623762949/1","profile_url":"hibreadtalk","domain":"hibreadtalk","weihao":"","gender":"m","followers_count":468,"friends_count":460,"statuses_count":692,"favourites_count":9,"created_at":"Fri Apr 30 00:00:00 +0800 2010","following":false,"allow_all_act_msg":false,"geo_enabled":true,"verified":false,"verified_type":-1,"allow_all_comment":true,"avatar_large":"http://tp2.sinaimg.cn/1736295385/180/5623762949/1","verified_reason":"","follow_me":false,"online_status":1,"bi_followers_count":239,"lang":"zh-cn"},"reposts_count":0,"comments_count":0,"mlevel":0,"visible":{"type":0,"list_id":0}},{"created_at":"Thu Mar 01 16:23:15 +0800 2012","id":3418805424460287,"mid":"3418805424460287","idstr":"3418805424460287","text":"@candy2的超幸福 @我不是贺紫薇 @刘翔宇00 幸好溜得快，达人麻将斗智斗勇斗速度！ 上上签！攒人品，他日必大赢！Go!Go!http://t.cn/zOqC2i8","source":"<a href=\"http://game.weibo.com/darenmj/\" rel=\"nofollow\">达人麻将</a>","favorited":false,"truncated":false,"in_reply_to_status_id":"","in_reply_to_user_id":"","in_reply_to_screen_name":"","thumbnail_pic":"http://ww1.sinaimg.cn/thumbnail/930a1970jw1dqkdho8ou3j.jpg","bmiddle_pic":"http://ww1.sinaimg.cn/bmiddle/930a1970jw1dqkdho8ou3j.jpg","original_pic":"http://ww1.sinaimg.cn/large/930a1970jw1dqkdho8ou3j.jpg","geo":null,"user":{"id":2466912624,"idstr":"2466912624","screen_name":"宁乡人胡蜜","name":"宁乡人胡蜜","province":"43","city":"4","location":"湖南 衡阳","description":"","url":"","profile_image_url":"http://tp1.sinaimg.cn/2466912624/50/5613547766/0","profile_url":"u/2466912624","domain":"","weihao":"","gender":"f","followers_count":53,"friends_count":181,"statuses_count":69,"favourites_count":0,"created_at":"Fri Oct 14 00:00:00 +0800 2011","following":false,"allow_all_act_msg":false,"geo_enabled":true,"verified":false,"verified_type":-1,"allow_all_comment":true,"avatar_large":"http://tp1.sinaimg.cn/2466912624/180/5613547766/0","verified_reason":"","follow_me":false,"online_status":1,"bi_followers_count":19,"lang":"zh-cn"},"reposts_count":0,"comments_count":0,"mlevel":0,"visible":{"type":0,"list_id":0}},{"created_at":"Thu Mar 01 16:23:14 +0800 2012","id":3418805424460271,"mid":"3418805424460271","idstr":"3418805424460271","text":"喜欢这样阳光的地方。。我在充充电呢~[偷笑]","source":"<a href=\"http://www.eicodesign.com/weico\" rel=\"nofollow\">Weico.iPhone版</a>","favorited":false,"truncated":false,"in_reply_to_status_id":"","in_reply_to_user_id":"","in_reply_to_screen_name":"","thumbnail_pic":"http://ww4.sinaimg.cn/thumbnail/97e2ecf5jw1dqkdho7xs1j.jpg","bmiddle_pic":"http://ww4.sinaimg.cn/bmiddle/97e2ecf5jw1dqkdho7xs1j.jpg","original_pic":"http://ww4.sinaimg.cn/large/97e2ecf5jw1dqkdho7xs1j.jpg","geo":null,"user":{"id":2548231413,"idstr":"2548231413","screen_name":"SuperCindy的","name":"SuperCindy的","province":"400","city":"1000","location":"海外","description":"","url":"","profile_image_url":"http://tp2.sinaimg.cn/2548231413/50/5625225542/0","profile_url":"u/2548231413","domain":"","weihao":"","gender":"f","followers_count":13,"friends_count":84,"statuses_count":93,"favourites_count":207,"created_at":"Thu Dec 22 00:00:00 +0800 2011","following":false,"allow_all_act_msg":false,"geo_enabled":true,"verified":false,"verified_type":-1,"allow_all_comment":true,"avatar_large":"http://tp2.sinaimg.cn/2548231413/180/5625225542/0","verified_reason":"","follow_me":false,"online_status":1,"bi_followers_count":7,"lang":"zh-cn"},"annotations":[{"device":"WeicoLomo|Original"}],"reposts_count":0,"comments_count":0,"mlevel":0,"visible":{"type":0,"list_id":0}},{"created_at":"Thu Mar 01 16:23:14 +0800 2012","id":3418805424460155,"mid":"3418805424460155","idstr":"3418805424460155","text":"是不是把心换个方向，考虑问题的方式就会改变……我没放弃也没想过放弃","source":"<a href=\"http://down2.uc.cn/ucbrowser/html/?pub=chens@sina13&amp;title=&amp;url=\" rel=\"nofollow\">UC浏览器</a>","favorited":false,"truncated":false,"in_reply_to_status_id":"","in_reply_to_user_id":"","in_reply_to_screen_name":"","geo":null,"user":{"id":2370801057,"idstr":"2370801057","screen_name":"空洞的瞳孔-","name":"空洞的瞳孔-","province":"64","city":"1000","location":"宁夏","description":"","url":"","profile_image_url":"http://tp2.sinaimg.cn/2370801057/50/5616641938/1","profile_url":"u/2370801057","domain":"","weihao":"","gender":"m","followers_count":63,"friends_count":95,"statuses_count":87,"favourites_count":8,"created_at":"Tue Sep 20 00:00:00 +0800 2011","following":false,"allow_all_act_msg":false,"geo_enabled":true,"verified":false,"verified_type":-1,"allow_all_comment":true,"avatar_large":"http://tp2.sinaimg.cn/2370801057/180/5616641938/1","verified_reason":"","follow_me":false,"online_status":1,"bi_followers_count":20,"lang":"zh-cn"},"reposts_count":0,"comments_count":0,"mlevel":0,"visible":{"type":0,"list_id":0}},{"created_at":"Thu Mar 01 16:23:14 +0800 2012","id":3418805424459987,"mid":"3418805424459987","idstr":"3418805424459987","text":"在高速公路广告牌看到＂云电视，创维开创＂。云就是未来 啊","source":"<a href=\"http://m.weibo.com/web/cellphone.php#iphone\" rel=\"nofollow\">iPhone客户端</a>","favorited":false,"truncated":false,"in_reply_to_status_id":"","in_reply_to_user_id":"","in_reply_to_screen_name":"","geo":null,"user":{"id":1663442834,"idstr":"1663442834","screen_name":"黃振YU","name":"黃振YU","province":"44","city":"1","location":"广东 广州","description":"Firefox控┆Google控┆无技术含量之极客┆上进中的小职员┆","url":"http://blog.sina.com.cn/hzylive","profile_image_url":"http://tp3.sinaimg.cn/1663442834/50/5605657794/1","profile_url":"hzylive","domain":"hzylive","weihao":"","gender":"m","followers_count":275,"friends_count":144,"statuses_count":1428,"favourites_count":0,"created_at":"Thu Jul 15 00:00:00 +0800 2010","following":false,"allow_all_act_msg":true,"geo_enabled":true,"verified":false,"verified_type":-1,"allow_all_comment":true,"avatar_large":"http://tp3.sinaimg.cn/1663442834/180/5605657794/1","verified_reason":"","follow_me":false,"online_status":1,"bi_followers_count":126,"lang":"zh-cn"},"reposts_count":0,"comments_count":0,"mlevel":0,"visible":{"type":0,"list_id":0}},{"created_at":"Thu Mar 01 16:23:13 +0800 2012","id":3418805423845671,"mid":"3418805423845671","idstr":"3418805423845671","text":"25个经典面试回答      http://t.cn/zOqC2ix","source":"<a href=\"http://www.360doc.com\" rel=\"nofollow\">360doc个人图书馆网</a>","favorited":false,"truncated":false,"in_reply_to_status_id":"","in_reply_to_user_id":"","in_reply_to_screen_name":"","geo":null,"user":{"id":2106376951,"idstr":"2106376951","screen_name":"simingjvshi","name":"simingjvshi","province":"13","city":"5","location":"河北 邢台","description":"","url":"","profile_image_url":"http://tp4.sinaimg.cn/2106376951/50/0/1","profile_url":"u/2106376951","domain":"","weihao":"","gender":"m","followers_count":35,"friends_count":66,"statuses_count":846,"favourites_count":0,"created_at":"Tue May 03 00:00:00 +0800 2011","following":false,"allow_all_act_msg":false,"geo_enabled":true,"verified":false,"verified_type":-1,"allow_all_comment":true,"avatar_large":"http://tp4.sinaimg.cn/2106376951/180/0/1","verified_reason":"","follow_me":false,"online_status":0,"bi_followers_count":2,"lang":"zh-cn"},"reposts_count":0,"comments_count":0,"mlevel":0,"visible":{"type":0,"list_id":0}},{"created_at":"Thu Mar 01 16:23:14 +0800 2012","id":3418805423845655,"mid":"3418805423845655","idstr":"3418805423845655","text":"@智能搜索引擎 让98领便利贴参加抽奖，免费瑞士游","source":"<a href=\"http://weibo.com\" rel=\"nofollow\">新浪微博</a>","favorited":false,"truncated":false,"in_reply_to_status_id":"","in_reply_to_user_id":"","in_reply_to_screen_name":"","thumbnail_pic":"http://ww2.sinaimg.cn/thumbnail/56014cfcjw1dqkdhd0qvrj.jpg","bmiddle_pic":"http://ww2.sinaimg.cn/bmiddle/56014cfcjw1dqkdhd0qvrj.jpg","original_pic":"http://ww2.sinaimg.cn/large/56014cfcjw1dqkdhd0qvrj.jpg","geo":null,"user":{"id":1442925820,"idstr":"1442925820","screen_name":"法师岚岚","name":"法师岚岚","province":"11","city":"4","location":"北京 宣武区","description":"","url":"","profile_image_url":"http://tp1.sinaimg.cn/1442925820/50/5622294203/0","profile_url":"u/1442925820","domain":"","weihao":"","gender":"f","followers_count":303,"friends_count":214,"statuses_count":1600,"favourites_count":3,"created_at":"Tue Apr 13 00:00:00 +0800 2010","following":false,"allow_all_act_msg":false,"geo_enabled":true,"verified":false,"verified_type":-1,"allow_all_comment":true,"avatar_large":"http://tp1.sinaimg.cn/1442925820/180/5622294203/0","verified_reason":"","follow_me":false,"online_status":0,"bi_followers_count":42,"lang":"zh-cn"},"reposts_count":0,"comments_count":0,"mlevel":0,"visible":{"type":0,"list_id":0}},{"created_at":"Thu Mar 01 16:23:11 +0800 2012","id":3418805420560387,"mid":"3418805420560387","idstr":"3418805420560387","text":" @chilim赵梓伶 [偷笑][偷笑][偷笑]","source":"<a href=\"http://m.weibo.com/web/cellphone.php#iphone\" rel=\"nofollow\">iPhone客户端</a>","favorited":false,"truncated":false,"in_reply_to_status_id":"","in_reply_to_user_id":"","in_reply_to_screen_name":"","thumbnail_pic":"http://ww2.sinaimg.cn/thumbnail/7be0764bjw1dqkdhn5zl8j.jpg","bmiddle_pic":"http://ww2.sinaimg.cn/bmiddle/7be0764bjw1dqkdhn5zl8j.jpg","original_pic":"http://ww2.sinaimg.cn/large/7be0764bjw1dqkdhn5zl8j.jpg","geo":null,"user":{"id":2078307915,"idstr":"2078307915","screen_name":"陈漫宁_","name":"陈漫宁_","province":"44","city":"53","location":"广东 云浮","description":"1032284952","url":"","profile_image_url":"http://tp4.sinaimg.cn/2078307915/50/5619752963/1","profile_url":"u/2078307915","domain":"","weihao":"","gender":"m","followers_count":667,"friends_count":204,"statuses_count":1553,"favourites_count":13,"created_at":"Sat Apr 09 00:00:00 +0800 2011","following":false,"allow_all_act_msg":false,"geo_enabled":true,"verified":false,"verified_type":220,"allow_all_comment":true,"avatar_large":"http://tp4.sinaimg.cn/2078307915/180/5619752963/1","verified_reason":"","follow_me":false,"online_status":1,"bi_followers_count":192,"lang":"zh-cn"},"reposts_count":0,"comments_count":0,"mlevel":0,"visible":{"type":0,"list_id":0}},{"created_at":"Thu Mar 01 16:23:11 +0800 2012","id":3418805420560071,"mid":"3418805420560071","idstr":"3418805420560071","text":"你敢挑战吗？//@英雄本分 在开心接龙 获得了成就龙口拔牙，获取速度超过了微博85%的玩家，你想和TA比试一下吗？http://t.cn/zOq9DKF","source":"<a href=\"http://game.weibo.com/kxjielong/\" rel=\"nofollow\">开心接龙</a>","favorited":false,"truncated":false,"in_reply_to_status_id":"","in_reply_to_user_id":"","in_reply_to_screen_name":"","thumbnail_pic":"http://ww2.sinaimg.cn/thumbnail/505ff052jw1dqkdhn7bdyj.jpg","bmiddle_pic":"http://ww2.sinaimg.cn/bmiddle/505ff052jw1dqkdhn7bdyj.jpg","original_pic":"http://ww2.sinaimg.cn/large/505ff052jw1dqkdhn7bdyj.jpg","geo":null,"user":{"id":1348464722,"idstr":"1348464722","screen_name":"英雄本分","name":"英雄本分","province":"14","city":"1","location":"山西 太原","description":"健健康康、平平淡淡、享受生活。","url":"http://sina.com.cn/u/1348464722","profile_image_url":"http://tp3.sinaimg.cn/1348464722/50/5624692495/1","profile_url":"u/1348464722","domain":"","weihao":"","gender":"m","followers_count":6,"friends_count":30,"statuses_count":1,"favourites_count":0,"created_at":"Mon Feb 20 00:00:00 +0800 2012","following":false,"allow_all_act_msg":false,"geo_enabled":true,"verified":false,"verified_type":-1,"allow_all_comment":true,"avatar_large":"http://tp3.sinaimg.cn/1348464722/180/5624692495/1","verified_reason":"","follow_me":false,"online_status":1,"bi_followers_count":5,"lang":"zh-cn"},"reposts_count":0,"comments_count":0,"mlevel":0,"visible":{"type":0,"list_id":0}},{"created_at":"Thu Mar 01 16:23:12 +0800 2012","id":3418805420265235,"mid":"3418805420265235","idstr":"3418805420265235","text":"我和睡眠有种暧昧关系[爱你][爱你][爱你][爱你]","source":"<a href=\"http://m.weibo.com/web/cellphone.php#android\" rel=\"nofollow\">Android客户端</a>","favorited":false,"truncated":false,"in_reply_to_status_id":"","in_reply_to_user_id":"","in_reply_to_screen_name":"","geo":null,"user":{"id":1781012742,"idstr":"1781012742","screen_name":"王倍倍","name":"王倍倍","province":"45","city":"1","location":"广西 南宁","description":"疯狂是种天分，超离谱总好过超无聊","url":"http://blog.sina.com.cn/whilttoo","profile_image_url":"http://tp3.sinaimg.cn/1781012742/50/5624432503/0","profile_url":"whilt","domain":"whilt","weihao":"","gender":"f","followers_count":675,"friends_count":168,"statuses_count":937,"favourites_count":159,"created_at":"Sun Aug 01 00:00:00 +0800 2010","following":false,"allow_all_act_msg":true,"geo_enabled":true,"verified":false,"verified_type":-1,"allow_all_comment":true,"avatar_large":"http://tp3.sinaimg.cn/1781012742/180/5624432503/0","verified_reason":"","follow_me":false,"online_status":1,"bi_followers_count":130,"lang":"zh-cn"},"reposts_count":0,"comments_count":0,"mlevel":0,"visible":{"type":0,"list_id":0}},{"created_at":"Thu Mar 01 16:23:13 +0800 2012","id":3418805420265171,"mid":"3418805420265171","idstr":"3418805420265171","text":"夫子庙灯会有点想去看看的欲望········可惜没票[泪]","source":"<a href=\"http://desktop.weibo.com/?source=app\" rel=\"nofollow\">微博桌面</a>","favorited":false,"truncated":false,"in_reply_to_status_id":"","in_reply_to_user_id":"","in_reply_to_screen_name":"","geo":null,"user":{"id":2634607433,"idstr":"2634607433","screen_name":"笙应若夏花","name":"笙应若夏花","province":"32","city":"1","location":"江苏 南京","description":"","url":"","profile_image_url":"http://tp2.sinaimg.cn/2634607433/50/0/0","profile_url":"u/2634607433","domain":"","weihao":"","gender":"f","followers_count":1,"friends_count":16,"statuses_count":1,"favourites_count":0,"created_at":"Mon Feb 27 00:00:00 +0800 2012","following":false,"allow_all_act_msg":false,"geo_enabled":true,"verified":false,"verified_type":-1,"allow_all_comment":true,"avatar_large":"http://tp2.sinaimg.cn/2634607433/180/0/0","verified_reason":"","follow_me":false,"online_status":1,"bi_followers_count":1,"lang":"zh-cn"},"reposts_count":0,"comments_count":0,"mlevel":0,"visible":{"type":0,"list_id":0}},{"created_at":"Thu Mar 01 16:23:12 +0800 2012","id":3418805420265071,"mid":"3418805420265071","idstr":"3418805420265071","text":"我：“我像不像金鱼？”魏：“像，一个鱼字加一个京的鲸”[怒][鸭梨]！魏：“三点水加一个来字念啥子？”我：“额........lai”魏:\"三点水加一个去呢?\"：“qu!”\"[哈哈]\"\"[汗]\".........","source":"<a href=\"http://www.htc.com\" rel=\"nofollow\">HTC手机</a>","favorited":false,"truncated":false,"in_reply_to_status_id":"","in_reply_to_user_id":"","in_reply_to_screen_name":"","thumbnail_pic":"http://ww2.sinaimg.cn/thumbnail/7218f181jw1dqkdhn3nbej.jpg","bmiddle_pic":"http://ww2.sinaimg.cn/bmiddle/7218f181jw1dqkdhn3nbej.jpg","original_pic":"http://ww2.sinaimg.cn/large/7218f181jw1dqkdhn3nbej.jpg","geo":null,"user":{"id":1914237313,"idstr":"1914237313","screen_name":"杜玫霖","name":"杜玫霖","province":"51","city":"1","location":"四川 成都","description":"","url":"","profile_image_url":"http://tp2.sinaimg.cn/1914237313/50/5619875379/0","profile_url":"u/1914237313","domain":"","weihao":"","gender":"f","followers_count":351,"friends_count":185,"statuses_count":1085,"favourites_count":6,"created_at":"Fri Jan 07 00:00:00 +0800 2011","following":false,"allow_all_act_msg":false,"geo_enabled":true,"verified":true,"verified_type":0,"allow_all_comment":true,"avatar_large":"http://tp2.sinaimg.cn/1914237313/180/5619875379/0","verified_reason":"CDTV3《热线188》栏目记者","follow_me":false,"online_status":1,"bi_followers_count":139,"lang":"zh-cn"},"reposts_count":0,"comments_count":0,"mlevel":0,"visible":{"type":0,"list_id":0}},{"created_at":"Thu Mar 01 16:23:12 +0800 2012","id":3418805420265037,"mid":"3418805420265037","idstr":"3418805420265037","text":" @机关枪一一哒哒哒哒 [左哼哼][左哼哼][顶][顶][最差][最差][右哼哼][哼][哼][伤心][下雨][下雨][下雨]","source":"<a href=\"http://weibo.com/nokia\" rel=\"nofollow\">诺基亚5230</a>","favorited":false,"truncated":false,"in_reply_to_status_id":"","in_reply_to_user_id":"","in_reply_to_screen_name":"","thumbnail_pic":"http://ww4.sinaimg.cn/thumbnail/6da9f746jw1dqkdhnaxvaj.jpg","bmiddle_pic":"http://ww4.sinaimg.cn/bmiddle/6da9f746jw1dqkdhnaxvaj.jpg","original_pic":"http://ww4.sinaimg.cn/large/6da9f746jw1dqkdhnaxvaj.jpg","geo":null,"user":{"id":1839855430,"idstr":"1839855430","screen_name":"不考大学不罢休的叶小猪猪猪","name":"不考大学不罢休的叶小猪猪猪","province":"44","city":"4","location":"广东 珠海","description":"典型的天蝎......这一次，往死里奋斗！","url":"http://blog.sina.com.cn/vico25","profile_image_url":"http://tp3.sinaimg.cn/1839855430/50/5624457236/0","profile_url":"u/1839855430","domain":"","weihao":"","gender":"f","followers_count":666,"friends_count":382,"statuses_count":3277,"favourites_count":149,"created_at":"Sun Oct 03 00:00:00 +0800 2010","following":false,"allow_all_act_msg":true,"geo_enabled":true,"verified":false,"verified_type":220,"allow_all_comment":true,"avatar_large":"http://tp3.sinaimg.cn/1839855430/180/5624457236/0","verified_reason":"","follow_me":false,"online_status":1,"bi_followers_count":197,"lang":"zh-cn"},"reposts_count":0,"comments_count":0,"mlevel":0,"visible":{"type":0,"list_id":0}}],"hasvisible":false,"previous_cursor":0,"next_cursor":0,"total_number":20}