{
    "trends": {
        "2012-03-06 09:28": [{
            "name": "厂家称母鸡例假产血蛋",
            "query": "厂家称母鸡例假产血蛋",
            "amount": "6331",
            "delta": "148"
        },
        {
            "name": "雷锋在我心中",
            "query": "雷锋在我心中",
            "amount": "3879",
            "delta": "90"
        },
        {
            "name": "金希澈出道7周年",
            "query": "金希澈出道7周年",
            "amount": "2979",
            "delta": "58"
        },
        {
            "name": "晒雪景",
            "query": "晒雪景",
            "amount": "900",
            "delta": "30"
        },
        {
            "name": "普京当选俄罗斯总统",
            "query": "普京当选俄罗斯总统",
            "amount": "837",
            "delta": "21"
        },
        {
            "name": "政府工作报告",
            "query": "政府工作报告",
            "amount": "806",
            "delta": "18"
        },
        {
            "name": "微纪录",
            "query": "微纪录",
            "amount": "806",
            "delta": "26"
        },
        {
            "name": "震惊哥整点播报",
            "query": "震惊哥整点播报",
            "amount": "682",
            "delta": "-5"
        },
        {
            "name": "微观两会",
            "query": "微观两会",
            "amount": "682",
            "delta": "14"
        },
        {
            "name": "北京爱情故事",
            "query": "北京爱情故事",
            "amount": "589",
            "delta": "11"
        }]
    },
    "as_of": 1330997282
}